,METALLOGEN,LOCALITY,STATE,TOPOSHEET,MINERAL_OR,HOSTROCK_TYPE1,HOSTROCK_TYPE2,HOSTROCK_TYPE3,HOSTROCK_TYPE4,MORPH-STRATABOUND,MORPH-SEDIMENTARY,MORPH-BEDDED,MORPH-SHEAR,MORPH-CONCORDANT,MORPH-DISCORDANT,MORPH-LENSOID,MORPH-RESIDUAL,MORPH-VEIN,MORPH-REMOBILISED,MORPH-MAGMATIC,MORPH-QUARTZ,MORPH-VOLCANIC,MORPH-OTHER,RESERVE_AMT
1,EASTERN GHAT BELT,BAGHDAPA,ORISSA,73 C,Be,PEGMATITE IN GRANULITE,-,-,-,0,0,0,0,0,0,0,1,0,0,0,0,0,0,38146.0
2,SARGIPALLI BELT,SARGIPALLI,ORISSA,64 N,Pb,GARNETIFEROUS MICA SCHIST,-,-,-,1,0,0,0,0,0,0,0,0,1,0,0,0,0,2.63
12,RORO-JOJOHATU BELT,"RORO,JOJOHATU",JHARKHAND,73,Cr,ULTRAMAFIC SUIT,-,-,-,0,0,0,0,0,0,0,0,0,0,1,0,0,0,123283.0
13,BONAI-NOAMUNDI-JAMDA BELT,ITAR-BALIJODI,ORISSA,73,Fe-Hematite,BHQ,SHALE INTERLAYERED WITH LAVA,-,-,0,1,1,0,0,0,0,0,0,0,0,0,1,0,3.0
14,BONAI-NOAMUNDI-JAMDA BELT,MERALGORA,JHARKHAND,73,Fe-Hematite,BHQ,SHALE,BHQ,-,0,1,1,0,0,0,0,0,0,0,0,0,1,0,1.5
15,BONAI-NOAMUNDI-JAMDA BELT,KUMITRA,JHARKHAND,73,Fe-Hematite,BHQ,SHALE INTERLAYERED WITH LAVA,-,-,0,1,1,0,0,0,0,0,0,0,0,0,1,0,0.5
16,BONAI-NOAMUNDI-JAMDA BELT,THAKURANI,ORISSA,73,Fe-Hematite,BHQ,SHALE INTERLAYERED WITH LAVA,-,-,0,1,1,0,0,0,0,0,0,0,0,0,1,0,2.66
17,BONAI-NOAMUNDI-JAMDA BELT,NOAMUNDI,ORISSA,73,Fe-Hematite,BHQ,SHALE INTERLAYERED WITH LAVA,-,-,0,1,1,0,0,0,0,0,0,0,0,0,1,0,201.6
18,BONAI-NOAMUNDI-JAMDA BELT,JODA,ORISSA,73,Fe-Hematite,BHJ,SHALE,-,-,0,1,1,0,0,0,0,0,0,0,0,0,1,0,197.53
19,BONAI-NOAMUNDI-JAMDA BELT,GHATKURI,ORISSA,73,Fe-Hematite,BHQ,SHALE INTERLAYERED WITH LAVA,-,-,0,1,1,0,0,0,0,0,0,0,0,0,1,0,12.5
20,BONAI-NOAMUNDI-JAMDA BELT,KANTORIA,JHARKHAND,73,Fe-Hematite,BHQ,SHALE INTERLAYERED WITH LAVA,-,-,0,1,1,0,0,0,0,0,0,0,0,0,1,0,1.7
21,NOAMUNDI-JAMDA SECTOR,SARAMDAH-BHADRASAI,ORISSA,73,Mn,TUFFACEOUS SHALE,-,-,-,0,1,1,0,0,0,0,0,0,0,0,0,1,0,6.814
22,BONAI-KEONJHAR RANGE BELT,KHANDBAND,ORISSA,73 G,Fe-Hematite-Mn,BHQ,SHALE,-,-,0,1,1,0,0,0,0,0,0,0,0,0,1,0,69.27
23,CHIRIA-MANOHARPUKUR SECTOR,NOTABURU,JHARKHAND,73,Fe-Hematite,BHJ,QTZT,PHYLLITE,-,0,1,0,0,0,0,0,0,0,0,0,0,0,0,31.25
24,CHIRIA-MANOHARPUKUR SECTOR,NOTABURU,JHARKHAND,73,Fe-Hematite,SHALE,BHQ,-,-,0,1,1,0,0,0,0,0,0,0,0,0,0,0,50.0
25,NOAMUNDI-JAMDA SECTOR,ROIDA,ORISSA,73,Mn-Fe,TUFFACEOUS SHALE,-,-,-,0,1,1,0,0,0,0,0,0,0,0,0,1,0,1.91
26,NOAMUNDI-JAMDA BELT,KATSAI,ORISSA,73,Mn,TUFFACEOUS SHALE,-,-,-,0,1,1,0,0,0,0,0,0,0,0,0,1,0,38146.0
27,NOAMUNDI-JAMDA SECTOR,MALANGTOLI,ORISSA,73,Fe-Hematite,BHJ,SHALE,-,-,0,1,1,0,0,0,0,0,0,0,0,0,1,0,708.0
28,BONAI-NOAMUNDI-JAMDA BELT,BARAJAMDA,ORISSA,73,Fe-Hematite,BHQ,SHALE INTERLAYERED WITH LAVA,-,-,0,1,1,0,0,0,0,0,0,0,0,0,1,0,0.91
29,NOAMUNDI-JAMDA SECTOR,NUIA,ORISSA,73,Fe-Hematite,SHALE,BMQ,TUFF,META VOLCANICS,0,1,1,0,0,0,0,0,0,0,0,0,1,0,32.0
30,CHIRIA-MANOHARPUKUR SECTOR,CHIRIA,JHARKHAND,73,Fe-Hematite,BHJ,QTZT,QUARTZ SCHIST,PHYLLITE,0,1,1,0,0,0,0,0,0,0,0,0,0,0,2001.0
31,BONAI-BADAMPAHAR BELT,MANKAMACHA,ORISSA,73 G,Fe-Hematite,BHQ,SHALE INTERLAYERED WITH LAVA,-,-,0,1,1,0,0,0,0,0,0,0,0,0,1,0,177.0
33,BONAI-BADAMPAHAR BELT,BALIA PAHAR-KHEJURDAR/,ORISSA,73 G,Fe-Hematite,BHQ,SHALE INTERLAYERED WITH LAVA,-,-,0,1,1,0,0,0,0,0,0,0,0,0,1,0,47.55
34,BONAI-BADAMPAHAR BELT,BADAMGARH PAHAR,ORISSA,73 G,Fe-Hematite,BHQ,SHALE INTERLAYERED WITH LAVA,-,-,0,1,1,0,0,0,0,0,0,0,0,0,1,0,21.25
35,JAMDA-KOIRA BELT,KOIRA,ORISSA,73 G,Mn-Fe,SHALE,TUFFACEOUS SHALE,-,-,0,1,1,0,0,0,0,0,0,0,0,0,1,0,75000.0
36,BONAI-NOAMUNDI-JAMDA BELT,BARAIBURU,JHARKHAND,73,Fe-Hematite,BFQ,SHALE,-,-,0,1,1,0,0,0,0,0,0,0,0,0,1,0,119.96
37,BONAI-NOAMUNDI-JAMDA BELT,KARAMPADA,ORISSA,73 G,Fe-Hematite,BHQ,SHALE,-,-,0,1,1,0,0,0,0,0,0,0,0,0,1,0,493.5
38,NOAMUNDI-JAMDA SECTOR,SARKUNDA,ORISSA,73 G,Mn-Fe,METASEDIMENTS,METAVOLCANICS,-,-,0,1,1,0,0,0,0,0,0,0,0,0,1,0,142500.0
39,BONAI-BADAMPAHAR BELT,KALTA,ORISSA,73 G,Fe-Hematite-Mn,BHQ,SHALE INTERLAYERED WITH LAVA,-,-,0,1,1,0,0,0,0,0,0,0,0,0,1,0,461.3
40,BONAI-KEONJHAR RANGE BELT,NAOGOWN,ORISSA,73 G,Fe-Hematite,BHQ,SHALE INTERLAYERED WITH LAVA,-,-,0,1,1,0,0,0,0,0,0,0,0,0,1,0,8.08
42,BONAI-NOAMUNDI-JAMDA BELT,AJITBURU MINES,JHARKHAND,73,Fe-Hematite,BHQ,SHALE,SHALE INTERLAYERED WITH LAVA ,-,0,1,1,0,0,0,0,0,0,0,0,0,1,0,12.99
43,BONAI-BADAMPAHAR BELT,"FULIHARI,KURMITAR,SILJORA",ORISSA,73 G,Fe-Hematite,BHQ,SHALE INTERLAYERED WITH LAVA,-,-,0,1,1,0,0,0,0,0,0,0,0,0,1,0,28.42
44,ADASH RAIMAL BELT,ADASH,ORISSA,73 C,Cu,KHONDALITE,CHARNOCKITE,AMPHIBOLITE,-,0,0,0,0,0,0,0,0,0,0,0,0,0,1,930000.0
47,BAULA-NAUSAHI BELT,BAULA-NAUHASI BLOCK,ORISSA,73 K,Cr-PGE,ULTRAMAFICS,-,-,-,0,0,0,0,0,0,0,0,0,0,0,0,0,1,2.471
48,EAST COAST PROVINCE,ANAMINI PARBAT,ORISSA,65 M,Al-Bauxite,CAPPING ON KHONDALITE,-,-,-,0,0,0,0,0,0,1,0,0,0,0,0,0,0,30.0
49,EASTERN GHAT BELT,DEVADA,ANDHRA PRADESH,65 N,Mn,KHONDALITE,-,-,-,0,1,1,0,0,0,0,0,0,0,0,0,0,0,96502.0
50,EASTERN GHAT BELT,NISHIKHAL,ORISSA,65 M,Mn,KHONDALITE,-,-,-,0,1,1,0,0,0,0,0,0,0,0,0,0,0,335100.0
51,EAST COAST PROVINCE,KATHAKHAL-MANJIMLI,ORISSA,65 M,Al-Bauxite,CAPPING ON CHARNOKITE/GNE1SSES,-,-,-,0,0,0,0,0,0,1,0,0,0,0,0,0,0,20.0
52,EAST COAST PROVINCE,KISANWALI,ORISSA,65 M,Al-Bauxite,CAPPING ON KHONDALITE/GNEISSES,-,-,-,0,0,0,0,0,0,1,0,0,0,0,0,0,0,13.28
53,EAST COAST PROVINCE,KODINGAMALI,ORISSA,65 M,Al-Bauxite,CAPPING ON KHONDALITE,-,-,-,0,0,0,0,0,0,1,0,0,0,0,0,0,0,91.4
54,EAST COAST PROVINCE,KARNAPODIKONDA,ANDHRA PRADESH,65 N,Al-Bauxite,CAPPING ON GRANULITE/GNEISSES,-,-,-,0,0,0,0,0,0,1,0,0,0,0,0,0,0,17.0
55,EAST COAST PROVINCE,SIJIMALI,ORISSA,65 M,Al-Bauxite,CAPPING ON KHONDALITE/GNEISSES,-,-,-,0,0,0,0,0,0,1,0,0,0,0,0,0,0,86.0
56,EAST COAST PROVINCE,SASBOHUMALI-PASANGMALI,ORISSA,65 M,Al-Bauxite,CAPPING ON KHONDALITE,-,-,-,0,0,0,0,0,0,1,0,0,0,0,0,0,0,78.0
57,EAST COAST PROVINCE,KARLAPAT,ORISSA,65 I,Al-Bauxite,CAPPING ON KHONDALITE/GNEISSES,-,-,-,0,0,0,0,0,0,1,0,0,0,0,0,0,0,67.0
58,EASTERN GHAT BELT,GARBHAM,ANDHRA PRADESH,65 N,Mn,KHONDALITE,-,-,-,0,1,1,0,0,0,0,0,0,0,0,0,0,0,49948.0
59,EAST COAST PROVINCE,ARAKU VALLEY AREA,ORISSA,65 J,Al-Bauxite,CAPPING ON KHODALITE,-,-,-,0,0,0,0,0,0,1,0,0,0,0,0,0,0,41.5
60,EAST COAST PROVINCE,MALIPARBAT,ORISSA,65 J,Al-Bauxite,CAPPING ON GRANULITE/GNEISSES,-,-,-,0,0,0,0,0,0,1,0,0,0,0,0,0,0,9.8
65,EAST COAST PROVINCE,GANDHAMADAN PLATEAU,ORISSA,64 L,Al-Bauxite,CAPPING ON KHONDALITE/GNEISSES,-,-,-,0,0,0,0,0,0,1,0,0,0,0,0,0,0,215.064
66,EAST COAST PROVINCE,BOPHLIMATTI,ORISSA,65 I,Al-Bauxite,CAPPING ON KHONDALITE,-,-,-,0,0,0,0,0,0,1,0,0,0,0,0,0,0,195.73
67,EAST COAST PROVINCE,POTANGI AREA,ORISSA,65 J,Al-Bauxite,CAPPING ON GRANULITE/GNEISS,-,-,-,0,0,0,0,0,0,1,0,0,0,0,0,0,0,7512.0
69,EAST COAST PROVINCE,PANCHPATMALI,ORISSA,"65 J, 65 N",Al-Bauxite,CAPPING ON KHONDALITE,-,-,-,0,0,0,0,0,0,1,0,0,0,0,0,0,0,163.6
70,BASTAR-MALKANGIRI PEGMATITE,MUNDVAL,CHATTISGARH,65,Nb-Ta-Li-Sn,PEGMATITE,-,-,-,0,0,0,0,0,0,0,0,1,0,0,0,0,0,38146.0
76,BASTAR-MALKANGIRI PEGMATITE,GARDA,CHATTISGARH,65 E,Be-Nb-Ta,PEGMATITE INTRUDING BENGPAL Gp.,GRANITE,-,-,0,0,0,0,0,0,0,0,0,0,0,0,0,1,38146.0
77,BASTAR-MALKANGIFII PEGMATITE,KOYADONGRI,CHATTISGARH,65,Be-Nb-Ta,PEGMATITE INTRUDUING BASIC ROCKS,-,-,-,0,0,0,0,0,0,0,0,1,0,0,0,0,0,38146.0
78,SINGBHUM BELT,BAHARAGORA,JHARKHAND,73 J,Cu,CHOLORITE SCHIST,Hb.SCHIST(META BASICS),-,-,1,0,0,0,0,0,0,0,0,1,0,0,0,0,3.88
80,SINGBHUM BELT,MAINAJHARIA,JHARKHAND,73 J,Cu,BIOTITE,CHLORITESCHIST,-,-,1,0,0,0,0,0,0,0,0,1,0,0,0,0,0.75
81,SINGBHUM BELT,MOSABONI,JHARKHAND,73 J,Cu,BIOTITE,CHLORITESCHIST,SODA GRANITE,-,1,0,0,0,0,0,0,0,0,1,0,0,0,0,17.57
83,SINGBHUM BELT,PATHARGORA,JHARKHAND,73 J,Cu,DHANJORI METAVOLCANICS,CHLO SCHIST,-,-,1,0,0,0,0,0,0,0,0,1,0,0,0,0,2.53
84,SINGBHUM BELT,SURDA,JHARKHAND,73 J,Cu,BIOTITE,CHLORITESCHIST,-,-,1,0,0,0,0,0,0,0,0,1,0,0,0,0,23.52
85,GARUMAHISANI PROVINCE (RAIRANGPUR BELT),BETJHARAN,ORISSA,73 J,Fe-Ti-V,GABRO,ANORTHOSITE,-,-,0,0,0,0,1,0,0,0,0,0,0,0,0,0,0.95
86,GARUMAHISANI PROVINCE (RAIRANGPUR BELT),BISAI,ORISSA,73 J,Fe-Ti-V,GABRO,ANORTHSITE,-,-,0,0,0,0,0,0,0,0,0,0,1,0,0,0,1.2
87,GARUMAHISANI PROVINCE,KUNDERKOCHA(POROJHARNA MINE),ORISSA,73 J,Au,CHERT ,TALC,CHLORITE SCHIST,-,1,0,0,0,0,0,0,0,0,1,0,0,0,0,4518.0
89,GARUMAHISANI PROVINCE (RAIRANGPUR BELT),KUMARDHUBI,ORISSA,73 J,Fe-Ti-V,GABRO,ANORTHOSITE,-,-,0,0,0,0,1,0,0,0,0,0,1,0,0,0,1.2
90,GARUMAHISANI PROVINCE,BHITARAMDA,ORISSA,73 J,Fe-Hematite,BHQ,PHYLLITE,-,-,0,1,1,0,0,0,0,0,0,0,0,0,1,0,0.09
91,GARUMAHISANI PROVINCE,SULAIPET,ORISSA,73 J,Fe-Hematite,BHQ,PHYLLITE,-,-,0,1,1,0,0,0,0,0,0,0,0,0,1,0,0.2
92,GARUMAHISANI PROVINCE,PURNAPANI,ORISSA,73 J,Fe-Hematite,BHQ,PHYLLITE,-,-,0,1,1,0,0,0,0,0,0,0,0,0,1,0,38146.0
93,GARUMAHISANI PROVINCE,BHIYABASA,ORISSA,73 J,Fe-Hematite,BHQ,PHYLLITE,-,-,0,1,1,0,0,0,0,0,0,0,0,0,1,0,0.06
94,GARUMAHISANI PROVINCE (RAIRANGPUR BELT),RAIRANGPUR,ORISSA,73 J,Fe-Ti-V,GABRO,ANORTHOSITE,-,-,0,0,0,0,0,0,0,0,0,0,1,0,0,0,38146.0
95,SINGBHUM BELT,TAMAPAHAR,JHARKHAND,73 J,Cu,CHLORITE SCHIST,QTZ.SERICITESCHIST,-,-,1,0,0,0,0,0,0,0,0,1,0,0,0,0,28.82
98,GANI KALVA BELT,GANI KALVA,ANDHRA PRADESH,57 L,Cu,SHALE,-,-,-,1,0,0,0,0,1,0,0,1,0,0,0,0,0,0.43
100,JONAGIRI SCHIST BELT,DONA TEMPLE BLOCK,ANDHRA PRADESH,57 E,Au,SILICIFIED METABASALT,-,-,-,0,0,0,1,0,0,0,0,1,0,0,1,0,0,0.7
101,JONNAGIRI SCHIST BELT,DONA EAST BLOCK,ANDHRA PRADESH,57 E,Au,SHEARED GRANODIORITE(D2 DEFORMATION),-,-,-,0,0,0,1,0,0,0,0,0,0,0,0,0,0,7.92
104,HUTTI MASKI BELT,HIRA BUDINI,KARNATAKA,56 D,Au,CONTACT OF MAFIC FELSIC VOLCANICS,-,-,-,0,0,0,1,0,1,0,0,0,0,0,0,0,0,0.52
105,HUTTI MASKI BELT,CHINCHERGI,KARNATAKA,56 D,Au,BASIC ,ACID VOLCANICS,-,-,0,0,0,1,0,1,0,0,0,0,0,0,0,0,0.058
106,HUTTI MASKI BELT,UTI TEMPLE BLOCK,KARNATAKA,56 D,Au,QUARTZ VEIN IN METABASICS,-,-,-,1,0,0,0,0,0,0,0,0,1,0,0,0,0,0.89
107,BELLARY (SANDUR SCHIST BELT),OBULAPURAM,KARNATAKA,57 A,Fe-Hematite,SHALE,PHYLLITE,BHQ,-,0,0,1,0,0,0,0,0,0,0,0,0,0,0,2.28
108,HUTTI MASKI BELT,WANDALLI,KARNATAKA,57 A,Au,BASIC ,ACID VOLCANICS,-,-,0,0,0,1,0,1,0,0,0,0,0,0,0,0,0.796
109,HUTTI MASKI BELT,SANBAL,KARNATAKA,57 A,Au,CHLORITE,ACTINOLITESCHIST,SERICITE SCH.,-,0,0,0,0,0,0,0,0,1,1,0,1,0,0,0.89
110,SANDUR-UBBALAGUNDI RANGE,NARAYANPURA,KARNATAKA,57 A,Fe-Hematite,BHQ,METAPELITE,METAVOLCANICS,-,0,0,1,0,0,0,0,0,0,0,0,0,0,0,5.3
111,KOLAR BELT,CHIGARGUNTA BLOCK,ANDHRA PRADESH,57 L,Au,BASIC ,ACID VOLCANICS,-,-,0,0,0,1,0,0,0,0,0,0,0,0,0,0,4.11
112,KOLAR BELT,MALLAPAKONDA,TAMILNADU,57 L,Au,BFQ,AMPHIBOLITE,CHAMPION GNEISS,-,0,0,0,0,1,0,0,0,0,0,0,0,0,0,773000.0
113,KOLAR BELT,KUDITHAINAPALLE,KARNATAKA,57 L,Au-Mo,QUARTZ REEF IN BASIC ,ACID VOLCANICS,-,-,0,0,0,1,0,0,0,0,0,0,0,0,0,0,0.48
114,KOLAR BELT,BISANATTAM MINE PROSPECT,KARNATAKA,57 L,Au,QUARTZ VEIN IN AMPHIBOLITE SCHIST,-,-,-,1,0,0,0,0,0,0,0,0,0,0,0,0,0,40000.0
115,OLAR BELT,SURAPALLE PROSPECT,KARNATAKA,57 L,Au,METAACID TUFF(CHAMPION GNEISS),-,-,-,0,0,0,0,1,0,0,0,0,0,0,0,0,0,0.11
116,CHITRADURGA BELT,AJJANAHALLI,KARNATAKA,57 C,Au,METAVOLCANICS,-,-,-,0,0,0,0,0,0,0,0,0,0,0,0,0,1,1.51
117,RAMAGIRI BELT,YEPPAMANA GOLD MINE,ANDHRA PRADESH,57,Au,PHYLLITE,CHLORITESCHIST(GREENSTONE),-,-,1,0,0,0,1,0,0,0,0,0,0,0,0,0,1.037
119,SANDUR-KUMARSWAMI-DONIMALAI RANGE,KUMARSWAMI,KARNATAKA,"57 A, 57 B",Fe-Hematite,BHQ,METAPELITE,METAVOLCANICS,-,0,1,1,0,0,0,0,0,0,0,0,0,1,0,181.0
122,RAMAGIRI BELT,KOTAPALLE BLOCK,ANDHRA PRADESH,57,Au,METASEDIMENTS ,METAVOLCANICS,-,-,1,0,0,0,0,0,0,0,0,1,0,0,0,0,38146.0
124,RAMAGIRI-PENAKACHERLA-HUNGUD BELT,BHADRAMPALLE,ANDHRA PRADESH,57,Au,METABASITE,META,ES1TE,B.H.CHERT,0,0,0,0,0,0,0,0,1,0,0,1,0,0,0.06
125,NELLORE BELT,VENUMBAKA-RASANUR,ANDHRA PRADESH,57 N,Fe-Hematite,PHYLLITE,SCHIST,-,-,0,1,1,0,0,0,0,0,0,0,0,0,1,0,4.18
126,RAMAGIRI-PENAKACHERLA-HUNGUD BELT,PENUKONDA PROSPECT,ANDHRA PRADESH,57,Au,METABASALT,BIF,SERICITE SCHIST,-,0,0,0,1,0,0,0,0,1,0,0,0,0,0,38146.0
130,RAMAGIRI BELT,YERAPPA-GENTALLAPPA BLOCK,ANDHRA PRADESH,57,Au,METAVOLCANICS,METASEDIMENTS,-,-,1,0,0,0,0,1,0,0,0,0,0,0,0,0,1.5
131,PULIVENDLA BELT,MIDIPENTA,ANDHRA PRADESH,57 J,Cu-Pb,,,-,-,1,0,0,0,1,0,0,0,0,0,0,0,0,0,38146.0
132,RAMAGIRI-PENAKACHERLA-HUNGUD BELT,KOTTAPALLE PROSPECT,ANDHRA PRADESH,57,Au,METABASITE,BIF,ACID TUFF,-,0,0,0,0,0,0,0,0,1,0,0,0,0,0,0.115
134,PULIVENDLA BELT,VENKATAPURAM,ANDHRA PRADESH,57 J,Cu-Pb-Ba,SHEAR FRACTURE,-,-,-,0,0,0,0,0,1,0,0,0,0,0,0,0,0,38146.0
138,VARIKUNTA-ZANGAMARAJUPALLE,GOLLAPALLE,ANDHRA PRADESH,73 J,Pb-Zn,DOLOMITE,SLATES,CHERTS,-,1,0,0,0,1,0,0,0,0,0,0,0,0,0,1.42
141,RAMAGIRI-PENAKACHERLA-HUNGUD BELT,RAMAPURAM,ANDHRA PRADESH,57,Au,METABASALT,CHLORITE,ACTINOLITE SCHIST,-,0,0,0,0,0,0,0,0,1,0,0,1,0,0,74867.0
143,EASTERN GHAT BELT,DEVADA,ANDHRA PRADESH,65 N,Mn,KHONDALITE,-,-,-,0,1,1,0,0,0,0,0,0,0,0,0,0,0,96502.0
144,EAST COAST PROVINCE,KODINGAMALI,ORISSA,65 M,Al-Bauxite,CAPPING ON KHONDALITE,-,-,-,0,0,0,0,0,0,1,0,0,0,0,0,0,0,91.4
145,EAST COAST PROVINCE,KARNAPODIKONDA,ANDHRA PRADESH,65 N,Al-Bauxite,CAPPING ON GRANULITE/GNEISSES,-,-,-,0,0,0,0,0,0,1,0,0,0,0,0,0,0,17.0
146,EAST COAST PROVINCE,SASBOHUMALI-PASANGMALI,ORISSA,65 M,Al-Bauxite,CAPPING ON KHONDALITE,-,-,-,0,0,0,0,0,0,1,0,0,0,0,0,0,0,78.0
147,EAST COAST PROVINCE,KARLAPAT,ORISSA,65 I,Al-Bauxite,CAPPING ON KHONDALITE/GNEISSES,-,-,-,0,0,0,0,0,0,1,0,0,0,0,0,0,0,67.0
148,EASTERN GHAT BELT,GARBHAM,ANDHRA PRADESH,65 N,Mn,KHONDALITE,-,-,-,0,1,1,0,0,0,0,0,0,0,0,0,0,0,49948.0
149,EAST COAST PROVINCE,ARAKU VALLEY AREA,ORISSA,65 J,Al-Bauxite,CAPPING ON KHODALITE,-,-,-,0,0,0,0,0,0,1,0,0,0,0,0,0,0,41.5
150,EAST COAST PROVINCE,MALIPARBAT,ORISSA,65 J,Al-Bauxite,CAPPING ON GRANULITE/GNEISSES,-,-,-,0,0,0,0,0,0,1,0,0,0,0,0,0,0,9.8
152,EAST COAST PROVINCE,BOPHLIMATTI,ORISSA,65 I,Al-Bauxite,CAPPING ON KHONDALITE,-,-,-,0,0,0,0,0,0,1,0,0,0,0,0,0,0,195.73
153,EAST COAST PROVINCE,POTANGI AREA,ORISSA,65 J,Al-Bauxite,CAPPING ON GRANULITE/GNEISS,-,-,-,0,0,0,0,0,0,1,0,0,0,0,0,0,0,7512.0
155,EAST COAST PROVINCE,PANCHPATMALI,ORISSA,"65 J, 65 N",Al-Bauxite,CAPPING ON KHONDALITE,-,-,-,0,0,0,0,0,0,1,0,0,0,0,0,0,0,163.6
156,BASTAR-MALKANGIRI PEGMATITE,MUNDVAL,CHATTISGARH,65,Nb-Ta-Li-Sn,PEGMATITE,-,-,-,0,0,0,0,0,0,0,0,1,0,0,0,0,0,38146.0
157,EAST COAST PROVINCE,GUDEM AREA,ORISSA,65 J,Al-Bauxite,CAPPINGS ON KHONDALITE,-,-,-,0,0,0,0,0,0,1,0,0,0,0,0,0,0,437.0
163,BASTAR-MALKANGIRI PEGMATITE,GARDA,CHATTISGARH,65 E,Be-Nb-Ta,PEGMATITE INTRUDING BENGPAL Gp.,GRANITE,-,-,0,0,0,0,0,0,0,0,0,0,0,0,0,1,38146.0
164,BASTAR-MALKANGIFII PEGMATITE,KOYADONGRI,CHATTISGARH,65,Be-Nb-Ta,PEGMATITE INTRUDUING BASIC ROCKS,-,-,-,0,0,0,0,0,0,0,0,1,0,0,0,0,0,38146.0
165,ROWGHAT BELT,ROWGHAT,CHATTISGARH,65 E,Fe-Hematite,BHQ,METAPELITE,METAVOLCANICS,-,0,1,1,0,0,0,0,0,0,0,0,0,1,0,859.45
166,BAILADILA BELT,BAILADILA,CHATTISGARH,65,Fe-Hematite,BHQ,METAPELITE,METAVOLCANICS,-,0,1,1,0,0,0,0,0,0,0,0,0,1,0,739.58
167,EAST COAST PROVINCE,DUMKONDA,ANDHRA PRADESH,65 G,Al-Bauxite,CAPPING ON SILLIMANITE GNEISS,-,-,-,0,0,0,0,0,0,1,0,0,0,0,0,0,0,256000.0
168,EAST COAST PROVINCE,GURLIDU GROUP,ANDHRA PRADESH,65 G,Al-Bauxite,CAPPING ON SILLIMANITE GNEISS,-,-,-,0,0,0,0,0,0,1,0,0,0,0,0,0,0,42.18
169,MAILARAM BELT,MAILARAM,ANDHRA PRADESH,65 C,Cu,QUARTZ REEF AT THE CONTACT OF CHL.SCHIST,-,-,-,1,0,0,0,0,1,0,0,0,0,0,0,0,0,0.812
171,AGNIGUNDLA BELT,DHUKONDA,ANDHRA PRADESH,56 P,Cu-Pb,OUARTZITE,Pb SUBORDINATE IN DOLOMITE,-,-,1,1,0,0,0,0,0,0,0,0,0,0,0,0,2.15
172,AGNIGUNDLA BELT,NALLAKONDA,ANDHRA PRADESH,56 P,Cu,CALCAREOUS QUARTZITE,-,-,-,1,1,0,0,0,0,0,0,0,0,0,0,0,0,0.35
174,AGNIGUNDLA BELT,BANDALAMOTTU,ANDHRA PRADESH,56 P,Cu-Pb,DOLOMITE ,DOLOMITIC LIMESTONE,-,-,1,1,0,0,0,0,0,0,0,0,0,0,0,0,8.481
177,PALAMOU-RANCHI PROVINCE,CHANDIPAT AREA,JHARKHAND,73 A,Al-Bauxite,LATERITE CAPPING ON GNEISSES,-,-,-,0,0,0,0,0,0,1,0,0,0,0,0,0,0,101600.0
178,RANCHI PLATEAU PROVINCE,BARKADIH-GHARGHUTA NADI,CHATTISGARH,73 A,Al-Bauxite,LATERITE CAPPING ON GNEISSES,-,-,-,0,0,0,0,0,0,1,0,0,0,0,0,0,0,2.5
180,RANCHI PLATEAU PROVINCE,LOKIPAT,CHATTISGARH,73 A,Al-Bauxite,LATERITE,-,-,-,0,0,0,0,0,0,1,0,0,0,0,0,0,0,227.0
181,PALAMOU-RANCHI PROVINCE,TAMOLGARH,CHATTISGARH,73 A,Al-Bauxite,CAPPING ON GNEISSES,-,-,-,0,0,0,0,0,0,1,0,0,0,0,0,0,0,50800.0
182,PALAMOU-RANCHI PROVINCE,KUKUD,CHATTISGARH,73 A,Al-Bauxite,CAPPING ON GNEISSES,-,-,-,0,0,0,0,0,0,1,0,0,0,0,0,0,0,3.048
184,SARGIPALLI BELT,SARGIPALLI,ORISSA,64 N,Pb,GARNETIFEROUS MICA SCHIST,-,-,-,1,0,0,0,0,0,0,0,0,1,0,0,0,0,2.63
185,SARGUJA BELT,DAUKI-DUBA NALA,CHATTISGARH,64 M,U,QUARTZ VEIN IN SHEAR ZONE,-,-,-,0,0,0,1,0,0,0,0,0,0,0,0,0,0,38146.0
186,RANCH PLATEAU PROVINCE,BIRHNI-GARKHASWAR-AGARDIH,CHATTISGARH,64 M,Al-Bauxite,CAPPING ON LATERITE OVER DECCAN TRAP,-,-,-,0,0,0,0,0,0,1,0,0,0,0,0,0,0,622.958
188,BIHAR MICA BELT,KALAPAHARI,JHARKHAND,72 L,Be-Nb-Ta,PEGMATITE,-,-,-,0,0,0,0,0,0,0,1,0,0,0,0,0,0,0.603
190,BIHAR MICA BELT,DUMERDIHA,JHARKHAND,72 H,Be-Nb-Ta,PEGMATITE,-,-,-,0,0,0,0,0,0,0,1,0,0,0,0,0,0,0.49
192,RORO-JOJOHATU BELT,"RORO,JOJOHATU",JHARKHAND,73,Cr,ULTRAMAFIC SUIT,-,-,-,0,0,0,0,0,0,0,0,0,0,1,0,0,0,123283.0
193,BONAI-NOAMUNDI-JAMDA BELT,ITAR-BALIJODI,ORISSA,73,Fe-Hematite,BHQ,SHALE INTERLAYERED WITH LAVA,-,-,0,1,1,0,0,0,0,0,0,0,0,0,1,0,3.0
194,BONAI-NOAMUNDI-JAMDA BELT,MERALGORA,JHARKHAND,73,Fe-Hematite,BHQ,SHALE,BHQ,-,0,1,1,0,0,0,0,0,0,0,0,0,1,0,1.5
195,BONAI-NOAMUNDI-JAMDA BELT,KUMITRA,JHARKHAND,73,Fe-Hematite,BHQ,SHALE INTERLAYERED WITH LAVA,-,-,0,1,1,0,0,0,0,0,0,0,0,0,1,0,0.5
196,BONAI-NOAMUNDI-JAMDA BELT,THAKURANI,ORISSA,73,Fe-Hematite,BHQ,SHALE INTERLAYERED WITH LAVA,-,-,0,1,1,0,0,0,0,0,0,0,0,0,1,0,2.66
197,BONAI-NOAMUNDI-JAMDA BELT,NOAMUNDI,ORISSA,73,Fe-Hematite,BHQ,SHALE INTERLAYERED WITH LAVA,-,-,0,1,1,0,0,0,0,0,0,0,0,0,1,0,201.6
198,BONAI-NOAMUNDI-JAMDA BELT,JODA,ORISSA,73,Fe-Hematite,BHJ,SHALE,-,-,0,1,1,0,0,0,0,0,0,0,0,0,1,0,197.53
199,BONAI-NOAMUNDI-JAMDA BELT,GHATKURI,ORISSA,73,Fe-Hematite,BHQ,SHALE INTERLAYERED WITH LAVA,-,-,0,1,1,0,0,0,0,0,0,0,0,0,1,0,12.5
200,BONAI-NOAMUNDI-JAMDA BELT,KANTORIA,JHARKHAND,73,Fe-Hematite,BHQ,SHALE INTERLAYERED WITH LAVA,-,-,0,1,1,0,0,0,0,0,0,0,0,0,1,0,1.7
201,NOAMUNDI-JAMDA SECTOR,SARAMDAH-BHADRASAI,ORISSA,73,Mn,TUFFACEOUS SHALE,-,-,-,0,1,1,0,0,0,0,0,0,0,0,0,1,0,6.814
202,CHIRIA-MANOHARPUKUR SECTOR,NOTABURU,JHARKHAND,73,Fe-Hematite,BHJ,QTZT,PHYLLITE,-,0,1,0,0,0,0,0,0,0,0,0,0,0,0,31.25
203,CHIRIA-MANOHARPUKUR SECTOR,NOTABURU,JHARKHAND,73,Fe-Hematite,SHALE,BHQ,-,-,0,1,1,0,0,0,0,0,0,0,0,0,0,0,50.0
204,NOAMUNDI-JAMDA SECTOR,ROIDA,ORISSA,73,Mn-Fe,TUFFACEOUS SHALE,-,-,-,0,1,1,0,0,0,0,0,0,0,0,0,1,0,1.91
205,NOAMUNDI-JAMDA SECTOR,MALANGTOLI,ORISSA,73,Fe-Hematite,BHJ,SHALE,-,-,0,1,1,0,0,0,0,0,0,0,0,0,1,0,708.0
206,BONAI-NOAMUNDI-JAMDA BELT,BARAJAMDA,ORISSA,73,Fe-Hematite,BHQ,SHALE INTERLAYERED WITH LAVA,-,-,0,1,1,0,0,0,0,0,0,0,0,0,1,0,0.91
207,NOAMUNDI-JAMDA SECTOR,NUIA,ORISSA,73,Fe-Hematite,SHALE,BMQ,TUFF,META VOLCANICS,0,1,1,0,0,0,0,0,0,0,0,0,1,0,32.0
208,CHIRIA-MANOHARPUKUR SECTOR,CHIRIA,JHARKHAND,73,Fe-Hematite,BHJ,QTZT,QUARTZ SCHIST,PHYLLITE,0,1,1,0,0,0,0,0,0,0,0,0,0,0,2001.0
210,BONAI-NOAMUNDI-JAMDA BELT,BARAIBURU,JHARKHAND,73,Fe-Hematite,BFQ,SHALE,-,-,0,1,1,0,0,0,0,0,0,0,0,0,1,0,119.96
211,BONAI-NOAMUNDI-JAMDA BELT,KARAMPADA,ORISSA,73 G,Fe-Hematite,BHQ,SHALE,-,-,0,1,1,0,0,0,0,0,0,0,0,0,1,0,493.5
212,BONAI-KEONJHAR RANGE BELT,NAOGOWN,ORISSA,73 G,Fe-Hematite,BHQ,SHALE INTERLAYERED WITH LAVA,-,-,0,1,1,0,0,0,0,0,0,0,0,0,1,0,8.08
214,BONAI-NOAMUNDI-JAMDA BELT,AJITBURU MINES,JHARKHAND,73,Fe-Hematite,BHQ,SHALE,SHALE INTERLAYERED WITH LAVA ,-,0,1,1,0,0,0,0,0,0,0,0,0,1,0,12.99
215,RANCHI-ADAR PARE PLATEAU,BOGRU HILL,JHARKHAND,73 A,Al-Bauxite,LATERITE ON GNEISSES,-,-,-,0,0,0,0,0,0,1,0,0,0,0,0,0,0,1.46
216,RANCHI-ADAR PARE PLATEAU,BANGROBAR,JHARKHAND,73 A,Al-Bauxite,CAPPING ON DECCAN TRAP,-,-,-,0,0,0,0,0,0,1,0,0,0,0,0,0,0,348500.0
217,RANCHI PLATEAU PROVINCE,CHIROPATTOLI,JHARKHAND,73 A,Al-Bauxite,LATERITE CAPPING ON GNEISSES,-,-,-,0,0,0,0,0,0,1,0,0,0,0,0,0,0,580000.0
218,PALAMOU-RANCHI PROVINCE,ORSAPAT,JHARKHAND,73 A,Al-Bauxite,CAPPING ON SCHIST,-,-,-,0,0,0,0,0,0,1,0,0,0,0,0,0,0,38146.0
219,RANCHI-ADAR PARE PLATEAU,GHUGROTOLLI,JHARKHAND,73 A,Al-Bauxite,CAPPING ON GNEISSES,-,-,-,0,0,0,0,0,0,1,0,0,0,0,0,0,0,20320.0
220,RANCHI-ADAR PARE PLATEAU,AMPTIPANI,JHARKHAND,73 A,Al-Bauxite,CAPPING ON SCHIST ,GNEISSES,-,-,0,0,0,0,0,0,1,0,0,0,0,0,0,0,125000.0
221,RANCHI PLATEAU PROVINCE,BHAGLATOLI AREA,JHARKHAND,73 A,Al-Bauxite,LATERITE CAPPING ON GNEISSES,-,-,-,0,0,0,0,0,0,1,0,0,0,0,0,0,0,2.0
222,PALAMOU-RANCHI PROVINCE,CHIRO,JHARKHAND,73 A,Al-Bauxite,CAPPING ON GNEISSES,-,-,-,0,0,0,0,0,0,1,0,0,0,0,0,0,0,38146.0
223,HESATHU-BELBATHAN BELT,BELBATHAN,JHARKHAND,72 P,Cu-Pb,TALC,TREMOLITESCHIST,-,-,0,0,0,0,0,1,0,0,1,0,0,0,0,0,38146.0
224,SINGBHUM BELT,BAHARAGORA,JHARKHAND,73 J,Cu,CHOLORITE SCHIST,Hb.SCHIST(META BASICS),-,-,1,0,0,0,0,0,0,0,0,1,0,0,0,0,3.88
227,MUNGER BELT,KHARGPUR HILLS,JHARKHAND,72 L,Al-Bauxite,CAPPING ON SCHIST,-,-,-,0,0,0,0,0,0,1,0,0,0,0,0,0,0,1.513
228,SINGBHUM BELT,MAINAJHARIA,JHARKHAND,73 J,Cu,BIOTITE,CHLORITESCHIST,-,-,1,0,0,0,0,0,0,0,0,1,0,0,0,0,0.75
229,SINGBHUM BELT,MOSABONI,JHARKHAND,73 J,Cu,BIOTITE,CHLORITESCHIST,SODA GRANITE,-,1,0,0,0,0,0,0,0,0,1,0,0,0,0,17.57
231,SINGBHUM BELT,RAKHA,JHARKHAND,73 J,Cu,BIOTITE,CHLORITESCHIST,-,-,1,0,0,0,0,0,0,0,0,1,0,0,0,0,54.39
232,SINGBHUM BELT,PATHARGORA,JHARKHAND,73 J,Cu,DHANJORI METAVOLCANICS,CHLO SCHIST,-,-,1,0,0,0,0,0,0,0,0,1,0,0,0,0,2.53
233,SINGBHUM BELT,SURDA,JHARKHAND,73 J,Cu,BIOTITE,CHLORITESCHIST,-,-,1,0,0,0,0,0,0,0,0,1,0,0,0,0,23.52
234,SINGBHUM BELT,KENDADIH,JHARKHAND,73 J,Cu,BIOTITE,CHLORITESCHIST,-,-,1,0,0,0,0,0,0,0,0,1,0,0,0,0,14.82
235,GARUMAHISANI PROVINCE (RAIRANGPUR BELT),BETJHARAN,ORISSA,73 J,Fe-Ti-V,GABRO,ANORTHOSITE,-,-,0,0,0,0,1,0,0,0,0,0,0,0,0,0,0.95
237,GARUMAHISANI PROVINCE (RAIRANGPUR BELT),BISAI,ORISSA,73 J,Fe-Ti-V,GABRO,ANORTHSITE,-,-,0,0,0,0,0,0,0,0,0,0,1,0,0,0,1.2
239,GARUMAHISANI PROVINCE,KUNDERKOCHA(POROJHARNA MINE),ORISSA,73 J,Au,CHERT ,TALC,CHLORITE SCHIST,-,1,0,0,0,0,0,0,0,0,1,0,0,0,0,4518.0
241,SINGBHUM BELT,NANDUP,JHARKHAND,73 J,Cu,CHLORITE SCHIST,-,-,-,1,0,0,0,1,0,0,0,0,0,0,0,0,0,4.0
242,SINGBHUM BELT,BOYANBILL,JHARKHAND,73 J,Cu,QUARTZ,CHLORITESCHIST,-,-,1,0,0,0,1,0,0,0,0,0,0,0,0,0,2.82
243,GARUMAHISANI PROVINCE (RAIRANGPUR BELT),KUMARDHUBI,ORISSA,73 J,Fe-Ti-V,GABRO,ANORTHOSITE,-,-,0,0,0,0,1,0,0,0,0,0,1,0,0,0,1.2
244,SINGBHUM BELT,RAMCHANDRA PAHAR,JHARKHAND,73 J,Cu,Fe(MAgnetite) ROCK,QUZ.,CHL.SCHIST(METABASITE),-,1,0,0,0,0,0,0,0,0,1,0,0,0,0,1.7
245,GARUMAHISANI PROVINCE,BHITARAMDA,ORISSA,73 J,Fe-Hematite,BHQ,PHYLLITE,-,-,0,1,1,0,0,0,0,0,0,0,0,0,1,0,0.09
246,GARUMAHISANI PROVINCE,SULAIPET,ORISSA,73 J,Fe-Hematite,BHQ,PHYLLITE,-,-,0,1,1,0,0,0,0,0,0,0,0,0,1,0,0.2
247,GARUMAHISANI PROVINCE,PURNAPANI,ORISSA,73 J,Fe-Hematite,BHQ,PHYLLITE,-,-,0,1,1,0,0,0,0,0,0,0,0,0,1,0,38146.0
248,GARUMAHISANI PROVINCE,BHIYABASA,ORISSA,73 J,Fe-Hematite,BHQ,PHYLLITE,-,-,0,1,1,0,0,0,0,0,0,0,0,0,1,0,0.06
249,BARAGANDA- PARASIA BELT,BARAGONDA,JHARKHAND,72 L,Cu-Pb-Zn,SCHISTS,CALC,MAGNASIAN ROCK,GRANITE,0,0,0,1,0,1,0,0,0,0,0,0,0,0,0.5
251,GARUMAHISANI PROVINCE (RAIRANGPUR BELT),RAIRANGPUR,ORISSA,73 J,Fe-Ti-V,GABRO,ANORTHOSITE,-,-,0,0,0,0,0,0,0,0,0,0,1,0,0,0,38146.0
254,BIHAR MICA BELT,SIMANDUNA,JHARKHAND,72 H,Be-Nb-Ta,PEGMATITE,-,-,-,0,0,0,0,0,0,0,1,0,0,0,0,0,0,0.06
255,SINGBHUM BELT,DHADKIDIH,JHARKHAND,73 J,Cu,CHLORITE SCHIST,-,-,-,1,0,0,0,0,0,0,0,0,1,0,0,0,0,3.18
256,SINGBHUM BELT,SIDESHWAR,JHARKHAND,73 J,Cu,BIOTITE,CHLORITESCHIST,-,-,1,0,0,0,0,0,0,0,0,1,0,0,0,0,38.8
257,SINGBHUM BELT,TURAMDIH,JHARKHAND,73 J,Cu-U,CHLORITE SCHIST,-,-,-,1,0,0,0,0,0,0,0,0,1,0,0,0,0,17.85
258,SINGBHUM BELT,TAMAPAHAR,JHARKHAND,73 J,Cu,CHLORITE SCHIST,QTZ.SERICITESCHIST,-,-,1,0,0,0,0,0,0,0,0,1,0,0,0,0,28.82
259,NORTH PURULIA SHEAR ZONE,BEKU,JHARKHAND,73 E,Cs,GRANITE PEGMATITE,-,-,-,0,0,0,0,0,0,0,0,0,0,0,0,0,1,38146.0
260,BIHAR MICA BELT,ANDERKOLWA,JHARKHAND,72 H,Nb-Ta,PEGMATITE,-,-,-,0,0,0,0,0,0,0,1,0,0,0,0,0,0,1.044
263,GODAVARI RIFT BELT,PIMPERKUNTA,ANDHRA PRADESH,56 I,Mn-Fe,LIMESTONE,SHALE,CHERT,-,0,1,1,0,0,0,0,0,0,0,0,0,0,0,10160.0
264,GODAVARI RIFT BELT,PIMPERGUDA-PIMPERKUNTA,ANDHRA PRADESH,56 I,Mn-Fe,LIMESTONE,SHALE,CHERT,-,0,1,1,0,0,0,0,0,0,0,0,0,0,0,3000.0
265,GANI KALVA BELT,GANI KALVA,ANDHRA PRADESH,57 L,Cu,SHALE,-,-,-,1,0,0,0,0,1,0,0,1,0,0,0,0,0,0.43
269,HUTTI MASKI BELT,HIRA BUDINI,KARNATAKA,56 D,Au,CONTACT OF MAFIC FELSIC VOLCANICS,-,-,-,0,0,0,1,0,1,0,0,0,0,0,0,0,0,0.52
270,HUTTI MASKI BELT,CHINCHERGI,KARNATAKA,56 D,Au,BASIC ,ACID VOLCANICS,-,-,0,0,0,1,0,1,0,0,0,0,0,0,0,0,0.058
271,HUTTI MASKI BELT,UTI TEMPLE BLOCK,KARNATAKA,56 D,Au,QUARTZ VEIN IN METABASICS,-,-,-,1,0,0,0,0,0,0,0,0,1,0,0,0,0,0.89
272,HUTTI MASKI BELT,WANDALLI,KARNATAKA,57 A,Au,BASIC ,ACID VOLCANICS,-,-,0,0,0,1,0,1,0,0,0,0,0,0,0,0,0.796
273,HUTTI MASKI BELT,SANBAL,KARNATAKA,57 A,Au,CHLORITE,ACTINOLITESCHIST,SERICITE SCH.,-,0,0,0,0,0,0,0,0,1,1,0,1,0,0,0.89
274,HUTTI MASKI BELT,KADONI,KARNATAKA,56 D,Au,METABASIC ,QUARTZ,CARBONATE VEIN,-,0,0,0,1,0,1,0,0,0,0,0,0,0,0,0.064
275,HUTTI MASKI BELT,HUTTI MINE BLOCK,KARNATAKA,56,Au-W,HORNBLENDE,CHLORITE,BIOTITE SCHIST,-,1,0,0,0,1,0,0,0,0,0,0,0,0,0,18549.0
276,HUTTI MASKI BELT,TUPPADHUR,KARNATAKA,56 D,Au,QUARTZ VEIN IN METABASICS,-,-,-,1,0,0,0,0,0,0,0,0,1,0,0,0,0,0.089
277,HUTTI MASKI BELT,UTI,KARNATAKA,56 D,Au,QUARTZ VEIN IN METAVOLCANICS,-,-,-,0,0,0,0,0,0,0,0,1,0,0,0,0,0,4.5
284,SAUSAR BELT,UKWA,MADHYA PRADESH,64 C,Mn,SCHIST ,PHYLLITE ,-,-,0,0,0,0,1,0,0,0,0,0,0,0,0,0,12.5
286,SAUSAR BELT,LAUGHAR-KAMHATOLA,MADHYA PRADESH,64 C,Mn,SCHISTS,-,-,-,0,0,0,0,1,0,0,0,0,0,0,0,0,0,437000.0
287,SAUSAR BELT,DHANSUA-LAUGHAR-JAGANTOLI,MADHYA PRADESH,"64 B, 64 C",Mn,SCHIST,PHYLLITE,-,-,0,0,0,0,1,0,0,0,0,0,0,0,0,0,1.6
288,BALAGHAT BELT,BALAGHAT,CHATTISGARH,64 C,Mn,PHYLLITE,QUARTZITE,-,-,0,0,1,0,1,0,0,0,0,0,0,0,0,0,6.21
289,SAUSAR BELT,NETRA,MAHARASTRA,55 P,Mn,SCHIST,-,-,-,0,0,0,0,1,0,0,0,0,0,0,0,0,0,1.95
291,SAUSAR BELT,PANCHALA,MAHARASTRA,55 P,Mn,GONDITE,-,-,-,0,0,0,0,1,0,0,0,0,0,0,0,0,0,5640.0
292,SAUSAR BELT,TIRODI,MADHYA PRADESH,55 P,Mn,GONDITE,QUARTZITE,-,-,0,0,1,0,1,0,0,0,0,0,0,0,0,0,799700.0
293,SAKOLI FOLD BELT (AGARGAON-KHOBANA-KUHI BELT),AGARGAON,MAHARASTRA,55 P,WO3,THIN BRECCIATED QUARTZ VEIN,-,-,-,0,0,0,0,0,0,0,0,0,0,0,0,0,1,1860.0
294,SAUSAR BELT,BHANDARBOLI,MAHARASTRA,55 P,Mn,GONDITE,-,-,-,0,0,0,0,1,0,0,0,0,0,0,0,0,0,383968.0
295,SAUSAR BELT,JUNEWANI,MAHARASTRA,55 P,Mn,CALC GNEISS ,SCHIST,-,-,0,0,0,0,1,0,0,0,0,0,0,0,0,0,458250.0
296,MAILARAM BELT,MAILARAM,ANDHRA PRADESH,65 C,Cu,QUARTZ REEF AT THE CONTACT OF CHL.SCHIST,-,-,-,1,0,0,0,0,1,0,0,0,0,0,0,0,0,0.812
297,WURRYA HILL RANGE,SURJAGARH,MAHARASTRA,65 A,Fe-Hematite,BMQ,QUARTZITE,PHYLLITE,-,0,0,1,0,0,0,0,0,0,0,0,0,0,0,123.16
301,SAKOLI FOLD BELT ( KOLARI-THAMBETHANI BELT),THAMBETHANI,MAHARASTRA,55 P,Zn,CHERTY QUARTZITE,METAGRAYWACKE,PHYLLITE CHERTY,METAGRAWACKE,1,0,0,0,1,0,0,0,0,0,0,0,0,0,3.987
303,AGNIGUNDLA BELT,DHUKONDA,ANDHRA PRADESH,56 P,Cu-Pb,OUARTZITE,Pb SUBORDINATE IN DOLOMITE,-,-,1,1,0,0,0,0,0,0,0,0,0,0,0,0,2.15
304,AGNIGUNDLA BELT,NALLAKONDA,ANDHRA PRADESH,56 P,Cu,CALCAREOUS QUARTZITE,-,-,-,1,1,0,0,0,0,0,0,0,0,0,0,0,0,0.35
306,AGNIGUNDLA BELT,BANDALAMOTTU,ANDHRA PRADESH,56 P,Cu-Pb,DOLOMITE ,DOLOMITIC LIMESTONE,-,-,1,1,0,0,0,0,0,0,0,0,0,0,0,0,8.481
307,SAUSAR BELT,GUMGAON,MAHARASTRA,55 P,Mn,SCHIST,-,-,-,0,0,0,0,1,0,0,0,0,0,0,0,0,0,585600.0
308,KUTCH BELT,LAKEND,GUJARAT,41 E,Al-Bauxite,CAPPING ON DECCAN TRAP,-,-,-,0,0,0,0,0,0,1,0,0,0,0,0,0,0,1.09
311,PADAR-KI-PAL BELT,BICHIWARA,RAJASTHAN,46 E,Cu,DOLOMITE,QUARTZITE,CHLORITE SCHIST,-,1,0,0,0,0,0,0,0,0,0,0,0,0,0,38146.0
312,JHAKRA PARSOLA BELT,JHAKRA,RAJASTHAN,46 I,Cu,SCHIST,QUARTZ,EPIDOTE VEINS,AMPHIBOLITE,0,0,0,1,0,1,0,0,0,0,0,0,0,0,38146.0
314,JHAKRA PARSOLA BELT,BHUKIA,RAJASTHAN,46 I,Au-Cu,DOLOMITE,AMPHIBOLITE,CALC,SILICATE,0,0,0,1,0,1,0,0,0,0,0,0,0,0,7090000.0
315,PADAR-KI-PAL BELT,AMJHARA,RAJASTHAN,46 E,Cu-Ni,TALC CHLORITE SCHIST,QUARTZITE,-,-,1,0,0,0,0,0,0,0,0,0,0,0,0,0,38146.0
316,PADAR-KI-PAL BELT,PADAR-KI-PAL,RAJASTHAN,46 E,Cu,QUARTZITE,TALC CHLORITESCHIST,-,-,1,0,0,0,0,0,0,0,0,0,0,0,0,0,0.7
317,JHAKRA-PARSOLA BELT,JAGPURA,RAJASTHAN,46 I,Cu,DOLOMITE,MARBLE,MICA SCHIST,-,0,0,0,1,0,1,0,0,0,0,0,0,0,0,38146.0
318,JHAKRA PARSOLA BELT,PARSOLA,RAJASTHAN,46 I,Pb-Zn,DOLOMITE,QUARTZITE,CARB,PHYLLITE,1,0,0,0,1,0,0,0,0,0,0,0,0,0,38146.0
319,ZAWAR BELT,MOCHIA,RAJASTHAN,45 H,Pb-Zn,DOLOMITE,-,-,-,1,0,0,0,0,0,0,0,0,0,0,0,0,0,24.98
320,ZAWAR BELT,SONARIA-RUPARIA,RAJASTHAN,45 H,Pb-Zn,DOLOMITE,-,-,-,1,0,0,0,0,0,0,0,0,0,0,0,0,0,4.0
321,AKOLA-WARI-BHINDER BELT,WARI,RAJASTHAN,45 H,Cu,CALC SCHIST,MARBLE,AMPHIBOLITE,-,1,0,0,0,0,0,0,0,0,0,0,0,0,0,1.06
323,RAJPURATDARIBA-BETHUMNI BELT,DARIBA-RAJPURA,RAJASTHAN,45 L,Pb-Zn,DOLOMITE ,GRAPHITICSCHIST,-,-,1,0,0,0,1,0,0,1,0,0,0,0,0,0,29.97
326,ZAWAR BELT,PADUNA,RAJASTHAN,45 H,Pb-Zn,DOLOMITE,CHERTYQUARTZITE,-,-,1,0,0,0,0,0,0,0,0,0,0,0,0,0,3.14
327,ZAWAR BELT,ZAWAR MALA,RAJASTHAN,45 H,Pb-Zn,DOLOMITE,QUARTZITE,CONGLOMERATE,-,1,0,0,0,0,0,0,0,0,0,0,0,0,0,17.78
328,ZAWAR BELT,BAROI MOGRA,RAJASTHAN,45 H,Pb-Zn,DOLOMITE,-,-,-,1,0,0,0,1,0,0,0,0,0,0,0,0,0,9.38
329,DERI-AMBAMATA BELT(EASTERN SECTOR),AMBAMATA,GUJARAT,45 D,Pb-Zn-Cu,CALC SCHIST,QUARTZITE INTRUDED BY BASIC,-,-,0,0,0,0,1,0,0,1,0,0,0,0,0,0,6.22
330,ZAWAR BELT,BALARIA,RAJASTHAN,45 H,Pb-Zn,DOLOMITE,CHERTYQUARTZITE,-,-,1,0,0,0,1,0,0,0,0,0,0,0,0,0,12.64
331,ZAWAR BELT,HAMETAMOGRA,RAJASTHAN,45 H,Zn,DOLOMITE,CONGLOMERATE,-,-,1,0,0,0,0,0,0,0,0,0,0,0,0,0,1.68
333,DERI-AMBAMATA BELT(EASTERN SECTOR),DERI,GUJARAT,45 D,Pb-Zn-Cu,AMPHIBOLITE ,TALCSCHIST,-,-,0,0,0,0,1,0,0,1,0,0,0,0,0,0,1.0
335,DERI-AMBAMATA BELT(WESTERN SECTOR),PIPELA,RAJASTHAN,45 D,Cu-Zn,PELITIC/BASIC SCHIST,-,-,-,0,0,0,0,1,0,0,1,0,0,0,0,0,0,38146.0
336,DERI-AMBAMATA BELT(WESTERN SECTOR),GOLIA,RAJASTHAN,45 D,Cu-Zn,PELITIC/BASIC SCHIST,-,-,-,0,0,0,0,1,0,0,1,0,0,0,0,0,0,1.0
337,BALDA-DEWAKA BERA BELT,UDWARIA,RAJASTHAN,45 D,WO3,CALC,SILICATE ROCKS,-,-,0,0,0,0,0,0,0,0,0,0,0,0,0,1,255.0
338,DERI-AMBAMATA BELT(WESTERN SECTOR),BASANTGARH,RAJASTHAN,45 H,Cu-Zn,PELITIC/BASIC SCHIST,-,-,-,0,0,0,0,1,0,0,1,0,0,0,0,0,0,3.48
339,AKOLA-WARI-BHIDER BELT,AKOLA,RAJASTHAN,45 L,Cu,SCHIST,METAVOLCANICS,GNEISSES,DOLOMITE,1,0,0,0,0,0,0,0,0,0,0,0,0,0,3.0
340,DERI-AMBAMATA BELT,AJAR! - DANVA,RAJASTHAN,45 H,Au-Cu-Zn,SCHISTS,AMPHIBOLITE,-,-,0,0,0,0,1,0,0,1,0,0,0,0,0,0,38146.0
341,BALDA-DEWAKA BERA BELT,BALDA,RAJASTHAN,45 D,WO3,ARGILLITES,ARENITE,CARBONACEOUS ROCKS,-,0,0,0,0,0,0,0,0,1,0,0,0,0,0,137.0
342,BALDA-DEWAKI BERA BELT,DEWAKA BERA,RAJASTHAN,45 D,WO3,CALC,SILICATE ROCKS,-,-,0,0,0,0,0,0,0,0,0,0,0,0,0,1,194.0
343,PUR-BANERA BELT(EASTERN ZONE),DEDWAS(NORTH),RAJASTHAN,45 K,Pb-Zn,SCHIST ,AMPHIBOLITE,-,-,1,0,0,0,1,0,0,0,0,0,0,0,0,0,0.6
344,PUR-BANERA BELT(EASTERN ZONE),GADERIAKHERA,RAJASTHAN,45 K,Pb-Zn,AMPHIBOLITE,CALCSCHIST,Fe(MAgnetite) ROCK,-,1,0,0,0,0,0,0,0,0,0,0,0,0,0,3.64
345,RAJPURA-DARIBA-BETHUMNI BELT,SINDESWARKALAN,RAJASTHAN,45 K,Pb-Zn,DOLOMITE ,GRAPHITICSCHIST,-,-,1,0,0,0,1,0,0,1,0,0,0,0,0,0,1.67
346,RAJPURA-DARIBA-BETHUMNI BELT,BETHUMNI,RAJASTHAN,45 K,Pb-Zn,DOLOMITE,-,-,-,1,0,0,0,1,0,0,1,0,0,0,0,0,0,0.56
347,PUR-BANERA BELT,KHERJI-KHERA,RAJASTHAN,45 K,Pb-Zn,DOLOMITE,SCHIST ,QUARTZITE,-,1,0,0,0,1,0,0,0,0,0,0,0,0,0,38146.0
350,RAJPURA-DARIBA-BETHUMNI BELT,SATDHUDIA,RAJASTHAN,45 K,Cu,SCHIST ,CALC SILICATE ROCKS,-,-,1,0,0,0,1,0,0,1,0,0,0,0,0,0,0.9
351,PUR-BANERA BELT(WESTERN ZONE),GADARIAKHERA,RAJASTHAN,45 K,Cu-Pb-Zn,GAR,MICASCHIST,CALCSILICATE,AMPHIBOLITE,1,0,0,0,1,0,0,0,0,0,0,0,0,0,38146.0
352,PUR-BANERA BELT(WESTERN ZONE),GURLA,RAJASTHAN,45 K,Cu,SCHIST,QUARTZITE,CALC GNEISS,-,1,0,0,0,1,0,0,0,0,0,0,0,0,0,38146.0
353,PUR-BANERA BELT(EASTERN ZONE),TIRANGA,RAJASTHAN,45 K,Pb-Zn,SCHIST ,AMPHIBOLITE,-,-,1,0,0,0,1,0,0,0,0,0,0,0,0,0,1.15
354,PUR-BANERA BELT(WESTERN ZONE),PUR-DARIBA,RAJASTHAN,45 K,Cu,QUARTZ,AMPHIBOLE,Fe(MAgnetite) SCHIST,-,1,0,0,0,1,0,0,0,0,0,0,0,0,0,1.64
355,PUR-BANERA BELT(EASTERN ZONE),SAMODI,RAJASTHAN,45 K,Pb-Zn,Qtz.,BIO.SCHIST,CALC SCHIST,Fe(MAgnetite) ROCK,1,0,0,0,1,0,0,0,0,0,0,0,0,0,3.686
356,PUR-BANERA BELT(EASTERN ZONE),DEDWAS(SOUTH),RAJASTHAN,45 K,Pb-Zn,QUARTZ,AMPHIBOLE,Fe(MAgnetite) GNEISS,SCHIST,1,0,0,0,1,0,0,0,0,0,0,0,0,0,5.81
357,PUR-BANERA BELT (EASTERN ZONE),DEVPURA-BANERA,RAJASTHAN,45 K,Pb-Zn-Ag,SCHIST ,AMPHIBOLITE,-,-,1,0,0,0,1,0,0,0,0,0,0,0,0,0,3.45
358,PUR-BANERA BELT(EASTERN ZONE),DEVPURA(RANNINGpURA),RAJASTHAN,45 K,Pb-Zn-Ag,QUARTZ,AMPHIBOLE,Fe(MAgnetite) GNEISS,-,1,0,0,0,1,0,0,0,0,0,0,0,0,0,3.45
359,PUR-BANERA BELT(EASTERN ZONE),MALIKHERA,RAJASTHAN,45 K,Pb-Zn,GAR,BIO.SCHIST,MARBLE,Fe(MAgnetite) ROCK ROCK,1,0,0,0,1,0,0,0,0,0,0,0,0,0,2.47
360,PUR-BANERA BELT,MALIKHERA(EASTERN ZONE),RAJASTHAN,45 K,Pb-Zn,QTZ.,B10.,MUS.SCHIST,AMPH.,1,0,0,0,1,0,0,0,0,0,0,0,0,0,38146.0
361,PUR-BANERA BELT(WESTERN ZONE),BANERA R.F,RAJASTHAN,45 K,Cu,SCHIST ,AMPHIBOLITE,-,-,1,0,0,0,1,0,0,0,0,0,0,0,0,0,1.5
362,SAWAR BELT,TIKHI,RAJASTHAN,45 K,Pb-Zn,DOLOMITE,SCHISTQUARTZITE,-,-,1,0,0,0,1,0,0,0,0,0,0,0,0,0,0.53
363,SAWAR BELT,SAWAR,RAJASTHAN,45 K,Pb-Zn,DOLOMITE,SCHISTQUARTZITE,-,-,1,0,0,0,1,0,0,0,0,0,0,0,0,0,0.34
364,RAMPURA- GUCHA BELT,RAMPURA-AGUCHA,RAJASTHAN,45 K,Pb-Zn-Cu,SILL.GNEISS,GRAPHITICSCHIST,AMPHIBOLITE,-,1,0,0,0,1,0,0,0,0,0,0,0,0,0,60.36
365,GHUGRA-KAYAR BELT,GHUGRA-KAYAR,RAJASTHAN,45 J,Pb-Zn,DOLOMITE,QTZT,QTZ,B10 SCHIST,0,0,0,0,0,0,0,0,0,0,0,0,0,1,24.61
366,CHITAR-KALABAR BELT,KALABAR,RAJASTHAN,45 J,Cu-Zn,QTZT,QTZ,HB SCHIST,CALC GNEISS,0,0,0,0,0,0,0,0,0,0,0,0,0,1,1.25
367,CHITAR-KALABAR BELT,CHITAR,RAJASTHAN,45 J,Cu-Zn,QTZT,QTZ,HB SCHIST,CALC,0,0,0,0,0,0,0,0,0,0,0,0,0,1,0.1
370,KHANKHERA BELT,NITHOR,RAJASTHAN,54 B,Cu,QUARTZITE,TUFF,-,-,1,0,0,0,0,0,0,0,0,0,0,0,0,0,38146.0
371,KHANKHERA BELT,HATHORI,RAJASTHAN,54 B,Cu,METASEDIMENTS WITH VOLCANICS,-,-,-,1,0,0,0,0,0,0,0,0,0,0,0,0,0,38146.0
372,BALDA-DEWAKA BERA BELT,DEGANA,RAJASTHAN,45 J,WO3,GRANITE INTRUDING PHYLLITE,-,-,-,0,0,0,0,0,0,0,0,1,0,0,1,0,0,4.0
374,KALAJODA-GOLBADSHAPUR BELT,DHAULA,RAJASTHAN,54 A,Cu,AMPHIBOLITE,-,-,-,1,0,0,0,0,0,0,0,0,0,0,0,0,0,38146.0
375,HETRI PARALLEL BELT,KHANDELA,RAJASTHAN,45 M,Mo-U-Cu,QUARTZ SCHIST,CARBONPHYLLITE ,MYLONITE,-,0,0,0,1,0,0,0,0,0,0,0,0,0,0,38146.0
377,AHIRWALA-BALESWAR,TEJWALA,RAJASTHAN,45 M,Cu,QUARTZITE,MARBLE,AMPHIBOLEQUARTZITE,-,0,0,0,1,0,0,0,0,0,0,0,0,0,0,0.5
379,KHETRI PARALLEL BELT,SALADIPURA,RAJASTHAN,45 M,Pb-Zn-Cu,PHYLLITE,QUARTZITE,AMPHIBOLITE,-,0,1,0,0,0,0,0,0,0,1,0,0,0,0,115.0
380,KHETRI BELT,NAUGAL,RAJASTHAN,45 M,Cu,QUARTZITE ,CARBONPHYLLITE ,-,-,1,0,0,0,0,0,0,0,0,0,0,0,0,0,38146.0
381,AHIRWALA-BALESWAR BELT,BALESWAR,RAJASTHAN,45 M,Cu,SCHIST,AMPHILITE,QUARTZITE,-,0,0,0,1,0,0,0,0,0,0,0,0,0,0,1.5
382,KHETRI BELT,SATKUI,RAJASTHAN,45 M,Cu,QUARTZITE ,CARBONPHYLLITE ,-,-,0,0,0,1,0,0,0,0,0,1,0,0,0,0,3.88
383,KHETRI BELT,GORIA,RAJASTHAN,45 M,Cu,QUARTZITE,CARBONPHYLLITE ,-,-,1,0,0,0,0,0,0,1,0,0,0,0,0,0,38146.0
384,KHETRI BELT,DHOLAMALA,RAJASTHAN,45 M,Cu,CHLORITE SCHIST,AMPHIBOLITE,-,-,1,0,0,0,0,0,0,1,0,0,0,0,0,0,1.5
385,KHETRI PARELLEL BELT,CHICHROLI,RAJASTHAN,45 M,Cu,SCHIST ,AMPHIBOLITE,-,-,1,0,0,0,1,0,0,0,0,0,0,0,0,0,11.0
386,KHETRI PARELLEL BELT,MALWALI,RAJASTHAN,45 M,Cu,GRAPHITIC SCHIST,AMPHIBOLITE,-,-,1,0,0,0,1,0,0,0,0,0,0,0,0,0,0.55
387,KHETRI BELT,AKWALI,RAJASTHAN,45 M,Cu,SCHISTS ,CARBONPHYLLITE ,-,-,1,0,0,0,0,0,0,1,0,0,0,0,0,0,1.65
388,HETRI BELT,DHANOTA,RAJASTHAN,44 P,Cu,AMPHIBOLE,BIOTITE,QUARTZ SCHIST,-,1,0,0,0,0,0,0,1,0,0,0,0,0,0,38146.0
389,KHETRI BELT,CHANDMARI,RAJASTHAN,44 P,Cu,AMPHIBOLE,QTZ.,BIO SCHIST,-,1,0,0,0,0,0,0,1,0,0,0,0,0,0,4.35
390,KHETRI BELT,KOLIHAN,RAJASTHAN,44 P,Au-Cu,AMPHIBOLE,QTZT,-,-,1,0,0,0,0,0,0,1,0,0,0,0,0,0,22.33
391,KHETRI BELT,MADHANKUDAN,RAJASTHAN,44 P,Cu-Co,AMPHIBOLITE,QUARTZITE,-,-,1,0,0,0,0,0,0,0,0,0,0,0,0,0,39.027
392,KHETRI BELT,BANWAS,RAJASTHAN,44 L,Cu,AMPHIBOLE QTZT.,-,-,-,1,0,0,0,0,0,0,1,0,0,0,0,0,0,2.6
393,KHETRI BELT,SINGHANA,RAJASTHAN,44 P,Cu,AMPHIBOITE,QUARTZITE,-,-,1,0,0,0,0,0,0,1,0,0,0,0,0,0,1.11
394,KHETRI BELT,PACHERI-MURADPUR,RAJASTHAN,44 P,Cu,AMPHIBOLITE,QUARTZITE,-,-,1,0,0,0,0,0,0,0,0,0,0,0,0,0,3.05
395,KHANKHERA BELT,KHANKHERA,RAJASTHAN,54,Cu,QUARTZITE WITH TUFF,-,-,-,1,0,0,0,0,0,0,0,0,0,0,0,0,0,38146.0
400,ALWAR BELT,BHAGONI,RAJASTHAN,54 A,Cu,PHYLLITE,MARBLE,ARKOSICQUARTZITE,-,0,0,0,0,0,1,0,0,1,0,0,0,0,0,5.22
403,KALAJODA-GOLBADSHAPUR BELT,GOLBADSHAPUR,RAJASTHAN,54 A,Cu,SCHIST,QUARTZITE,AMPHIBOLEQUARTZITE,-,1,0,0,0,0,0,0,0,0,0,0,0,0,0,1.8
405,JHAKRA PARSOLA BELT,JHAKRA,RAJASTHAN,46 I,Cu,SCHIST,QUARTZ,EPIDOTE VEINS,AMPHIBOLITE,0,0,0,1,0,1,0,0,0,0,0,0,0,0,38146.0
407,JHAKRA PARSOLA BELT,BHUKIA,RAJASTHAN,46 I,Au-Cu,DOLOMITE,AMPHIBOLITE,CALC,SILICATE,0,0,0,1,0,1,0,0,0,0,0,0,0,0,7090000.0
408,JHAKRA-PARSOLA BELT,JAGPURA,RAJASTHAN,46 I,Cu,DOLOMITE,MARBLE,MICA SCHIST,-,0,0,0,1,0,1,0,0,0,0,0,0,0,0,38146.0
409,JHAKRA PARSOLA BELT,PARSOLA,RAJASTHAN,46 I,Pb-Zn,DOLOMITE,QUARTZITE,CARB,PHYLLITE,1,0,0,0,1,0,0,0,0,0,0,0,0,0,38146.0
410,RAJPURATDARIBA-BETHUMNI BELT,DARIBA-RAJPURA,RAJASTHAN,45 L,Pb-Zn,DOLOMITE ,GRAPHITICSCHIST,-,-,1,0,0,0,1,0,0,1,0,0,0,0,0,0,29.97
413,AKOLA-WARI-BHIDER BELT,AKOLA,RAJASTHAN,45 L,Cu,SCHIST,METAVOLCANICS,GNEISSES,DOLOMITE,1,0,0,0,0,0,0,0,0,0,0,0,0,0,3.0
414,RAJPURA-DARIBA-BETHUMNI BELT,SINDESWARKALAN,RAJASTHAN,45 K,Pb-Zn,DOLOMITE ,GRAPHITICSCHIST,-,-,1,0,0,0,1,0,0,1,0,0,0,0,0,0,1.67
415,RAJPURA-DARIBA-BETHUMNI BELT,BETHUMNI,RAJASTHAN,45 K,Pb-Zn,DOLOMITE,-,-,-,1,0,0,0,1,0,0,1,0,0,0,0,0,0,0.56
416,PUR-BANERA BELT,KHERJI-KHERA,RAJASTHAN,45 K,Pb-Zn,DOLOMITE,SCHIST ,QUARTZITE,-,1,0,0,0,1,0,0,0,0,0,0,0,0,0,38146.0
419,RAJPURA-DARIBA-BETHUMNI BELT,SATDHUDIA,RAJASTHAN,45 K,Cu,SCHIST ,CALC SILICATE ROCKS,-,-,1,0,0,0,1,0,0,1,0,0,0,0,0,0,0.9
420,PUR-BANERA BELT(WESTERN ZONE),GADARIAKHERA,RAJASTHAN,45 K,Cu-Pb-Zn,GAR,MICASCHIST,CALCSILICATE,AMPHIBOLITE,1,0,0,0,1,0,0,0,0,0,0,0,0,0,38146.0
421,PUR-BANERA BELT(WESTERN ZONE),GURLA,RAJASTHAN,45 K,Cu,SCHIST,QUARTZITE,CALC GNEISS,-,1,0,0,0,1,0,0,0,0,0,0,0,0,0,38146.0
422,PUR-BANERA BELT(EASTERN ZONE),TIRANGA,RAJASTHAN,45 K,Pb-Zn,SCHIST ,AMPHIBOLITE,-,-,1,0,0,0,1,0,0,0,0,0,0,0,0,0,1.15
423,PUR-BANERA BELT(WESTERN ZONE),PUR-DARIBA,RAJASTHAN,45 K,Cu,QUARTZ,AMPHIBOLE,Fe(MAgnetite) SCHIST,-,1,0,0,0,1,0,0,0,0,0,0,0,0,0,1.64
424,PUR-BANERA BELT(EASTERN ZONE),SAMODI,RAJASTHAN,45 K,Pb-Zn,Qtz.,BIO.SCHIST,CALC SCHIST,Fe(MAgnetite) ROCK,1,0,0,0,1,0,0,0,0,0,0,0,0,0,3.686
425,PUR-BANERA BELT(EASTERN ZONE),DEDWAS(SOUTH),RAJASTHAN,45 K,Pb-Zn,QUARTZ,AMPHIBOLE,Fe(MAgnetite) GNEISS,SCHIST,1,0,0,0,1,0,0,0,0,0,0,0,0,0,5.81
426,PUR-BANERA BELT (EASTERN ZONE),DEVPURA-BANERA,RAJASTHAN,45 K,Pb-Zn-Ag,SCHIST ,AMPHIBOLITE,-,-,1,0,0,0,1,0,0,0,0,0,0,0,0,0,3.45
427,PUR-BANERA BELT(EASTERN ZONE),DEVPURA(RANNINGpURA),RAJASTHAN,45 K,Pb-Zn-Ag,QUARTZ,AMPHIBOLE,Fe(MAgnetite) GNEISS,-,1,0,0,0,1,0,0,0,0,0,0,0,0,0,3.45
428,PUR-BANERA BELT(EASTERN ZONE),MALIKHERA,RAJASTHAN,45 K,Pb-Zn,GAR,BIO.SCHIST,MARBLE,Fe(MAgnetite) ROCK ROCK,1,0,0,0,1,0,0,0,0,0,0,0,0,0,2.47
429,PUR-BANERA BELT,MALIKHERA(EASTERN ZONE),RAJASTHAN,45 K,Pb-Zn,QTZ.,B10.,MUS.SCHIST,AMPH.,1,0,0,0,1,0,0,0,0,0,0,0,0,0,38146.0
430,PUR-BANERA BELT(WESTERN ZONE),BANERA R.F,RAJASTHAN,45 K,Cu,SCHIST ,AMPHIBOLITE,-,-,1,0,0,0,1,0,0,0,0,0,0,0,0,0,1.5
431,SAWAR BELT,TIKHI,RAJASTHAN,45 K,Pb-Zn,DOLOMITE,SCHISTQUARTZITE,-,-,1,0,0,0,1,0,0,0,0,0,0,0,0,0,0.53
432,SAWAR BELT,SAWAR,RAJASTHAN,45 K,Pb-Zn,DOLOMITE,SCHISTQUARTZITE,-,-,1,0,0,0,1,0,0,0,0,0,0,0,0,0,0.34
433,RAMPURA- GUCHA BELT,RAMPURA-AGUCHA,RAJASTHAN,45 K,Pb-Zn-Cu,SILL.GNEISS,GRAPHITICSCHIST,AMPHIBOLITE,-,1,0,0,0,1,0,0,0,0,0,0,0,0,0,60.36
434,CHITAR-KALABAR BELT,KALABAR,RAJASTHAN,45 J,Cu-Zn,QTZT,QTZ,HB SCHIST,CALC GNEISS,0,0,0,0,0,0,0,0,0,0,0,0,0,1,1.25
435,CHITAR-KALABAR BELT,CHITAR,RAJASTHAN,45 J,Cu-Zn,QTZT,QTZ,HB SCHIST,CALC,0,0,0,0,0,0,0,0,0,0,0,0,0,1,0.1
438,KHANKHERA BELT,NITHOR,RAJASTHAN,54 B,Cu,QUARTZITE,TUFF,-,-,1,0,0,0,0,0,0,0,0,0,0,0,0,0,38146.0
439,KHANKHERA BELT,HATHORI,RAJASTHAN,54 B,Cu,METASEDIMENTS WITH VOLCANICS,-,-,-,1,0,0,0,0,0,0,0,0,0,0,0,0,0,38146.0
441,CHOTANAGPUR GNEISSIC COMPLEX PROVINCE,BELANG I,CHATTISGARH,64 I,Be-Nb-Ta,PEGMATITE,-,-,-,0,0,0,0,0,0,0,1,0,0,0,0,0,0,38146.0
442,MAHAKOSHAL BELT,GURHARPAHAR,MADHYA PRADESH,63 L,Au,TUFF,ARGILLITE,-,-,0,0,0,0,0,0,0,0,1,0,0,0,0,0,5.37
445,-,AMARKANTAK,MADHYA PRADESH,64,Al-Bauxite,DECCAN TRAP,-,-,-,0,0,0,0,0,0,1,0,0,0,0,0,0,0,2400000.0
447,MALANJKHAND BELT,MALANJKHAND,CHATTISGARH,64 B,Cu-Mo-Au,QUARTZ REEF TRAVERSING GRANITOID,-,-,-,1,0,0,0,0,1,0,0,0,0,0,0,0,0,236000000.0
448,SAUSAR BELT,UKWA,MADHYA PRADESH,64 C,Mn,SCHIST ,PHYLLITE ,-,-,0,0,0,0,1,0,0,0,0,0,0,0,0,0,12.5
450,MAHAKOSHAL BELT,IMALIYA,MADHYA PRADESH,64 C,Au-Ag-Cu-Pb-Zn,SHEAR ZONE IN DOLOMITE,-,-,-,0,0,0,1,0,0,0,0,0,0,0,0,0,0,0.2
451,SAUSAR BELT,LAUGHAR-KAMHATOLA,MADHYA PRADESH,64 C,Mn,SCHISTS,-,-,-,0,0,0,0,1,0,0,0,0,0,0,0,0,0,437000.0
453,SAUSAR BELT,DHANSUA-LAUGHAR-JAGANTOLI,MADHYA PRADESH,"64 B, 64 C",Mn,SCHIST,PHYLLITE,-,-,0,0,0,0,1,0,0,0,0,0,0,0,0,0,1.6
454,BALAGHAT BELT,BALAGHAT,CHATTISGARH,64 C,Mn,PHYLLITE,QUARTZITE,-,-,0,0,1,0,1,0,0,0,0,0,0,0,0,0,6.21
455,SAUSAR BELT,NETRA,MAHARASTRA,55 P,Mn,SCHIST,-,-,-,0,0,0,0,1,0,0,0,0,0,0,0,0,0,1.95
457,SAUSAR BELT,PANCHALA,MAHARASTRA,55 P,Mn,GONDITE,-,-,-,0,0,0,0,1,0,0,0,0,0,0,0,0,0,5640.0
458,SAUSAR BELT,TIRODI,MADHYA PRADESH,55 P,Mn,GONDITE,QUARTZITE,-,-,0,0,1,0,1,0,0,0,0,0,0,0,0,0,799700.0
459,SAUSAR BELT,BHANDARBOLI,MAHARASTRA,55 P,Mn,GONDITE,-,-,-,0,0,0,0,1,0,0,0,0,0,0,0,0,0,383968.0
460,SAUSAR BELT,JUNEWANI,MAHARASTRA,55 P,Mn,CALC GNEISS ,SCHIST,-,-,0,0,0,0,1,0,0,0,0,0,0,0,0,0,458250.0
461,KHANKHERA BELT,KHANKHERA,RAJASTHAN,54,Cu,QUARTZITE WITH TUFF,-,-,-,1,0,0,0,0,0,0,0,0,0,0,0,0,0,38146.0
462,GANI KALVA BELT,GANI KALVA,ANDHRA PRADESH,57 L,Cu,SHALE,-,-,-,1,0,0,0,0,1,0,0,1,0,0,0,0,0,0.43
464,JONAGIRI SCHIST BELT,DONA TEMPLE BLOCK,ANDHRA PRADESH,57 E,Au,SILICIFIED METABASALT,-,-,-,0,0,0,1,0,0,0,0,1,0,0,1,0,0,0.7
465,JONNAGIRI SCHIST BELT,DONA EAST BLOCK,ANDHRA PRADESH,57 E,Au,SHEARED GRANODIORITE(D2 DEFORMATION),-,-,-,0,0,0,1,0,0,0,0,0,0,0,0,0,0,7.92
468,HUTTI MASKI BELT,HIRA BUDINI,KARNATAKA,56 D,Au,CONTACT OF MAFIC FELSIC VOLCANICS,-,-,-,0,0,0,1,0,1,0,0,0,0,0,0,0,0,0.52
469,HUTTI MASKI BELT,CHINCHERGI,KARNATAKA,56 D,Au,BASIC ,ACID VOLCANICS,-,-,0,0,0,1,0,1,0,0,0,0,0,0,0,0,0.058
470,HUTTI MASKI BELT,UTI TEMPLE BLOCK,KARNATAKA,56 D,Au,QUARTZ VEIN IN METABASICS,-,-,-,1,0,0,0,0,0,0,0,0,1,0,0,0,0,0.89
471,BELLARY (SANDUR SCHIST BELT),OBULAPURAM,KARNATAKA,57 A,Fe-Hematite,SHALE,PHYLLITE,BHQ,-,0,0,1,0,0,0,0,0,0,0,0,0,0,0,2.28
472,HUTTI MASKI BELT,WANDALLI,KARNATAKA,57 A,Au,BASIC ,ACID VOLCANICS,-,-,0,0,0,1,0,1,0,0,0,0,0,0,0,0,0.796
473,HUTTI MASKI BELT,SANBAL,KARNATAKA,57 A,Au,CHLORITE,ACTINOLITESCHIST,SERICITE SCH.,-,0,0,0,0,0,0,0,0,1,1,0,1,0,0,0.89
474,SANDUR-UBBALAGUNDI RANGE,NARAYANPURA,KARNATAKA,57 A,Fe-Hematite,BHQ,METAPELITE,METAVOLCANICS,-,0,0,1,0,0,0,0,0,0,0,0,0,0,0,5.3
475,HUTTI MASKI BELT,KADONI,KARNATAKA,56 D,Au,METABASIC ,QUARTZ,CARBONATE VEIN,-,0,0,0,1,0,1,0,0,0,0,0,0,0,0,0.064
476,HUTTI MASKI BELT,HUTTI MINE BLOCK,KARNATAKA,56,Au-W,HORNBLENDE,CHLORITE,BIOTITE SCHIST,-,1,0,0,0,1,0,0,0,0,0,0,0,0,0,18549.0
477,HUTTI MASKI BELT,TUPPADHUR,KARNATAKA,56 D,Au,QUARTZ VEIN IN METABASICS,-,-,-,1,0,0,0,0,0,0,0,0,1,0,0,0,0,0.089
478,SANDUR-KUMARSWAMI-DONIMALAI RANGE,NAVALUTTI,KARNATAKA,57 A,Fe-Hematite,BHQ,METAPELITE,METAVOLCANICS,UR SCH,0,1,1,0,0,0,0,0,0,0,0,0,1,0,1.38
479,SANDUR BELT-BTV RANGE,VITTALPURAM,KARNATAKA,57 A,Fe-Hematite,BHQ,METAVLCANICS,METAPELITE,-,0,1,1,0,0,0,0,0,0,0,0,0,1,0,0.06
480,SANDUR SCHIST BELT-NEB RANGE,SANDUR,KARNATAKA,57 A,Fe-Hematite,METASEDIMENT,METAVOLCANICS,-,-,0,1,1,0,0,0,0,0,0,0,0,0,1,0,2.49
481,SANDUR SCHIST BELT-NEB RANGE,INGILIGI,KARNATAKA,57 A,Fe-Hematite,PHYLLITE,SCHIST,METAVOLCANICS,-,0,1,1,0,0,0,0,0,0,0,0,0,1,0,0.821
482,SANDUR SCHIST BELT-NEB RANGE,SANKALAPURAM,KARNATAKA,57 A,Fe-Hematite,METASEDIMENT,METAVOLCANICS,-,-,0,1,1,0,0,0,0,0,0,0,0,0,1,0,5.648
483,SANDUR SCHIST BELT-NEB RANGE,KALLAHALLI (3 MINES),KARNATAKA,57 A,Fe-Hematite,BHQ,METAPELITE,METAVOLCANICS,-,0,1,1,0,0,0,0,0,0,0,0,0,1,0,21.96
484,HUTTI MASKI BELT,UTI,KARNATAKA,56 D,Au,QUARTZ VEIN IN METAVOLCANICS,-,-,-,0,0,0,0,0,0,0,0,1,0,0,0,0,0,4.5
486,SANDUR SCHIST BELT-NEB RANGE,KARINAGUR,KARNATAKA,57 A,Fe-Hematite,METASEDIMENTS,METAVOLCANICS,-,-,0,1,1,0,0,0,0,0,0,0,0,0,1,0,7.915
487,SANDUR SCHIST BELT-NEB RANGE,PAPINAYAKANAHALLI,KARNATAKA,57 A,Fe-Hematite,METASEDIMENTS,METAVOLCANICS,-,-,0,1,1,0,0,0,0,0,0,0,0,0,1,0,15.02
488,SHIMOGA SCHIST BELT(RAMANDUR RANGE),RAMANDURG RANGE,KARNATAKA,57 A,Fe-Hematite,METASEDIMENTS,METAVOLCANICS,-,-,1,0,0,0,1,0,0,0,0,0,0,0,0,0,253.39
489,SANDUR BELT-BELLARY SECTOR,"HALKUNDI,HONNAHALI",KARNATAKA,57 A,Fe-Hematite,BHQ,METAVOLCANICS,METAARGILLITE,-,0,1,1,0,0,0,0,0,0,0,0,0,1,0,2.81
490,SANDUR SCHIST BELT-NEB RANGE,JAISINGpUR (9 MINES),KARNATAKA,57 A,Fe-Hematite,METASEDIMENT ,METAVOLCANICS,-,-,0,1,1,0,0,0,0,0,0,0,0,0,1,0,2.66
492,SANDUR SCHIST BELT-NEB RANGE,MADERAHALLI,KARNATAKA,57 A,Fe-Hematite,METASEDIMENTS,METAVOLCANICS,-,-,0,1,1,0,0,0,0,0,0,0,0,0,1,0,8.27
493,SANDUR BELT-BTV RANGE,"BELEGAL,HARAGONDONA,TUM.TONNES1",KARNATAKA,57 A,Fe-Hematite,BHQ,METAVOLCANICS,METAPELITE,-,0,1,1,0,0,0,0,0,0,0,0,0,1,0,6.22
494,GADAG SCHIST BELT,SANGLI MINE,KARNATAKA,48 M,Au,METASEDIMENTS,METAVOLCANICS,-,-,1,0,0,1,0,0,0,0,0,0,0,0,0,0,1.69
495,GADAG SCHIST BELT,KABULIYATKATTI BLOCK,KARNATAKA,48 M,Au,GREYWACKE,PHYLLITE,-,-,0,0,0,1,0,0,0,0,1,0,0,1,0,0,0.527
496,GADAG SCHIST BELT,MYSORE MINE BLOCK,KARNATAKA,48 M,Au,META ,ESITE,PHYLLITE,BMQ,1,0,0,0,0,0,0,0,1,0,0,0,0,0,0.213
497,GADAG SCHIST BELT,ATTIKATTI BLOCK,KARNATAKA,48 M,Au,PHYLLITE,GRAPHITICSCHIST,-,-,0,0,0,1,0,0,0,0,1,0,0,1,0,0,38146.0
498,GADAG SCHIST BELT,HOSUR-YELISHIRUR,KARNATAKA,48 M,Au,METAVOLCANICS,PHYLLITE,BMQ,-,1,0,0,0,1,0,0,0,0,0,0,0,0,0,1.67
500,SHIMOGA-GOA BELT,HATTIKAMBA,KARNATAKA,48 I,Mn-Fe,LATERITE ON VOLCANOSEDIMENTARY SEQUENCE,-,-,-,0,0,0,0,0,0,0,0,0,0,0,0,0,1,15077.0
501,SHIMOGA-GOA BELT,TERALI-BISGOD,GOA,48 I,Mn-Fe,LATERITE ON VOLCANOSEDIMETS OF GREENSTON,-,-,-,0,0,0,0,0,0,0,0,0,0,0,0,0,1,32125.0
502,SHIMOGA-GOA BELT,ANMOD,GOA,48 I,Mn-Fe,LATERITE ON VOLCANICS OF GREENSTONE,-,-,-,0,0,0,0,0,0,0,0,0,0,0,0,1,0,52908.0
503,GOA Fe - Mn PROVINCE,CODGUI,GOA,48 I,Mn-Fe,LATERITE,-,-,-,0,0,0,0,0,0,0,0,0,0,0,0,0,1,40000.0
504,GOA Fe - Mn PROVINCE,COLAMBA,GOA,48 I,Mn-Fe,MANGANIFEROUS PHYLLITE,-,-,-,0,0,0,0,0,0,0,0,0,0,0,0,0,1,215398.0
505,SHIMOGA SCHIST BELT(KAPPALGUDDA RANGE),KAPPALGUDDA,KARNATAKA,48 I,Fe-Magnetite,BHQ,METAPELITE,METAVOLCANICS,-,0,1,1,0,0,0,0,0,0,0,0,0,1,0,5.8
506,KANJAMALLAI-ATTUR BELT,ATTUR,TAMILNADU,58 I,Fe-Magnetite,BMQ,-,-,-,0,1,1,0,0,0,0,0,0,0,0,0,0,0,11.9
507,GRANULITE BELT OF KERALA,AMBALAVYAL,KERALA,58 A,Ma,GRANITOID IN HIGH GRADE GNEISS,-,-,-,1,0,0,0,0,1,0,0,0,0,0,0,0,0,38146.0
510,KANJAMALLAI-ATTUR BELT,CHITTORI-TAINANDAMALAI,TAMILNADU,58 I,Fe-Magnetite,BMQ,-,-,-,0,1,1,0,0,0,0,0,0,0,0,0,0,0,37.7
512,HARUR-UTTARGARAI BELT,VELAMPATTI,TAMILNADU,57 L,Mo,EPIDOTE,HORNBLENDE GNEISS,QTZ.VEIN,-,0,0,0,1,0,0,0,0,0,0,0,0,0,0,7.762
513,KOLAR BELT,KOLAR MINE,KARNATAKA,57 L,Au-W,METAVOLCANICS,CHAMPION GNEISS,-,-,1,0,0,0,0,0,0,0,0,1,0,0,0,0,3032000.0
517,SINDUVALLI - TALLUR BELT,SINDUVALLI,KARNATAKA,57 D,Cr,ULTRMAFICS,-,-,-,0,0,0,0,0,0,0,0,0,0,0,0,0,1,38146.0
518,SINDUVALLI - TALLUR BELT,TALLUR,KARNATAKA,57 D,Cr,SERPENTINISED ULTRAMAFICS,-,-,-,0,0,0,0,0,0,0,0,0,0,0,0,0,1,38146.0
522,KOLAR BELT,CHIGARGUNTA BLOCK,ANDHRA PRADESH,57 L,Au,BASIC ,ACID VOLCANICS,-,-,0,0,0,1,0,0,0,0,0,0,0,0,0,0,4.11
523,KOLAR BELT,MALLAPAKONDA,TAMILNADU,57 L,Au,BFQ,AMPHIBOLITE,CHAMPION GNEISS,-,0,0,0,0,1,0,0,0,0,0,0,0,0,0,773000.0
524,KOLAR BELT,KUDITHAINAPALLE,KARNATAKA,57 L,Au-Mo,QUARTZ REEF IN BASIC ,ACID VOLCANICS,-,-,0,0,0,1,0,0,0,0,0,0,0,0,0,0,0.48
525,KOLAR BELT,BISANATTAM MINE PROSPECT,KARNATAKA,57 L,Au,QUARTZ VEIN IN AMPHIBOLITE SCHIST,-,-,-,1,0,0,0,0,0,0,0,0,0,0,0,0,0,40000.0
526,NUGGIHALLI BELT,KEMPINKOTE MINE,KARNATAKA,57 D,Au,AURIFEROUS QTZ.LODE IN METAULTRAMAFITES,-,-,-,1,0,0,0,0,0,0,0,1,1,0,1,0,0,3.5
527,OLAR BELT,SURAPALLE PROSPECT,KARNATAKA,57 L,Au,METAACID TUFF(CHAMPION GNEISS),-,-,-,0,0,0,0,1,0,0,0,0,0,0,0,0,0,0.11
528,NUGGIHALLI BELT,JAMBUA,KARNATAKA,57 D,Cr,SERPENTINITE,PERIDOTITE,-,-,0,0,0,0,0,0,0,0,0,0,0,0,0,1,76360.0
529,WESTERN GHAT BELT,BALLALAYAYANADURG HILLOCK,KARNATAKA,57 A,Fe-Magnetite,METASEDIMENTS,METAVOLCANCIS,-,-,0,0,0,0,1,0,0,0,0,0,0,0,0,0,836.0
530,BABABUDAN RANGE,KEMMANAGUNDI,KARNATAKA,57 A,Fe-Hematite,BHQ,METAPELITE,METAVOLCANICS,-,0,1,1,0,0,0,0,0,0,0,0,0,1,0,14.1
531,NUGGIHALLI BELT,JAMBUR,KARNATAKA,57 C,Cr,SERPENTINITE,PERIDOTITE,-,-,0,0,0,0,0,0,0,0,0,0,0,0,0,1,19645.0
532,NUGGIHALLI BELT,TAGADUR BLOCK,KARNATAKA,57 C,Cr,DUNITE,PERIDOTITE,SERPENTINITE,-,0,0,0,0,0,0,0,0,0,0,0,0,0,1,73315.0
533,NUGGIHALLI BELT,BHAKTARAHALLI BLOCK,KARNATAKA,57 C,Cr,DUNITE,PERIDOTITE,PYROXENITE,-,0,0,0,0,0,0,0,0,0,0,0,0,0,1,1250.0
534,NUGGIHALLI BELT,BAIRAPUR,KARNATAKA,57 C,Cr,DUNITE,PERIDOTITE,SERPENTINITE,-,0,0,0,0,0,0,0,0,0,0,0,0,0,1,686630.0
535,NUGGIHALLI BELT,CHIKKONAHALL1,KARNATAKA,57 C,Cr,DUNITE,PERIDOTITE,SERPENTINITE,-,0,0,0,0,0,0,0,0,0,0,0,0,0,1,18905.0
536,SHIMOGA SCHIST BELT,JAYAPURA,KARNATAKA,57 A,Fe-Magnetite,BMQ IN METAVOLCANICS ,METASEDIMENTS,-,-,0,0,0,0,1,0,0,0,0,0,0,0,0,0,110.0
537,NUGGIHALLI BELT,NUGGIHALLI,KARNATAKA,57 C,Fe-Ti-V,UTRABASICS,-,-,-,0,0,0,0,1,0,0,0,0,0,1,0,0,0,0.08
539,NUGGIHALLI BELT,NUGGIHALLI,KARNATAKA,57 C,Cu,GABRO,PYROXENITE,OLIVIN DIORITE,-,1,0,0,0,0,0,0,0,0,0,1,0,0,0,38146.0
540,NUGGIHALLI BELT,CHIKANAKAHALLI,KARNATAKA,57 C,Cr,SERPENTINITE,-,-,-,0,0,0,0,0,0,0,0,0,0,0,0,0,1,0.6
541,ALADAHALLI BELT,ALADAHALLI,KARNATAKA,57 C,Cr,SERPENTINITE,-,-,-,0,0,0,0,0,0,0,0,0,0,0,0,0,1,20000.0
542,ALADAHALLI BELT,ALADAHALLI,KARNATAKA,57 C,Cu,HIGH GRADE SCHIST,-,-,-,1,0,0,0,0,0,0,0,0,0,0,0,0,0,3.8
543,NUGGIHALLI BELT,BELGUMBA,KARNATAKA,57 C,Cu,TITANIFEROUS MAGNETITE,GABRO,PYROXENITE,-,1,0,0,0,0,0,0,0,0,0,1,0,0,0,38146.0
545,BABABUDAN BELT,KALASPURA,KARNATAKA,57 A,Cu-U,METAVOLCANICS,QUARTZITE,-,-,1,0,0,0,0,0,0,0,0,0,0,0,0,0,1.0
546,WESTERN GHAT BELT,KUDERMUKH,KARNATAKA,57 A,Fe-Magnetite,BMQ IN METASEDIMENTS,METAVOLCANICS,-,-,0,0,0,0,1,0,0,0,0,0,0,0,0,0,4852.0
547,CHITRADURGA BELT,HARENABALLI,KARNATAKA,57 C,Mn,METAVOLCANICS,METASEDIMENTS,-,-,0,1,1,0,0,0,0,0,0,0,0,0,1,0,18400.0
548,CHITRADURGA BELT,KAREKUCHI,KARNATAKA,57 C,Fe-Hematite-Mn,BHQ,METAPELITE,METAVOLCANICS,-,0,1,1,0,0,0,0,0,0,0,0,0,1,0,2.0
549,CHITRADURGA BELT,CHIKANYAKANAHALLI,KARNATAKA,57 C,Fe-Hematite,BHQ,METAVOLCANICS,METABASICS,-,0,1,1,0,0,0,0,0,0,0,0,0,1,0,15.49
550,CHITRADURGA BELT,BELLENAHALLI,KARNATAKA,57 C,Fe-Hematite,BHQ,METAPELITE,METAVOLCANICS,-,0,1,1,0,0,0,0,0,0,0,0,0,1,0,0.23
551,BABABUDAN RANGE,"ATTIGUNDI,GALLIKERA",KARNATAKA,57 A,Fe-Hematite,BHQ,METAPELITE,METAVOLCANICS,-,0,1,1,0,0,0,0,0,0,0,0,0,1,0,31.91
553,CHITRADURGA BELT,AJJANAHALLI,KARNATAKA,57 C,Au,METAVOLCANICS,-,-,-,0,0,0,0,0,0,0,0,0,0,0,0,0,1,1.51
554,SHIMOGA BELT,MASANIKERE,KARNATAKA,48 K,Cu-Fe-Ti-V,GABBRO,ANORTHOSITE,INTRUSIVE,-,0,0,0,0,0,0,0,0,0,0,1,0,0,0,6.38
555,SHIMOGA-GOA BELT,YOGIMALAI,KARNATAKA,57 A,Mn-Fe,METASEDIMENTS,METAVOLCANICS,-,-,0,0,0,0,1,0,0,0,0,0,0,0,0,0,43610.0
556,SHIMOGA BELT,KOTEBARA,KARNATAKA,48 K,Fe-Hematite,METAPELITE,METAVOLCANICS,BFQ,-,0,1,1,0,0,0,0,0,0,0,0,0,1,0,20.0
557,GHATTIHOSAHALLI BELT,GHATTIHOSAHALLI,KARNATAKA,57 C,Ba,FUCHSITE QUARTZITE,AMPHIBOLITE,-,-,0,0,1,0,0,0,0,0,0,0,0,0,0,0,38146.0
558,CHITRADURGA BELT,KADALAGUDDA,KARNATAKA,57 B,Fe-Hematite,BHQ,METAPELITE,METAVOLCANICS,-,0,1,1,0,0,0,0,0,0,0,0,0,1,0,3.36
559,RAMAGIRI BELT,YEPPAMANA GOLD MINE,ANDHRA PRADESH,57,Au,PHYLLITE,CHLORITESCHIST(GREENSTONE),-,-,1,0,0,0,1,0,0,0,0,0,0,0,0,0,1.037
560,SANDUR-KUMARSWAMI-DONIMALAI RANGE,KUMARSWAMI,KARNATAKA,"57 A, 57 B",Fe-Hematite,BHQ,METAPELITE,METAVOLCANICS,-,0,1,1,0,0,0,0,0,0,0,0,0,1,0,181.0
563,RAMAGIRI BELT,KOTAPALLE BLOCK,ANDHRA PRADESH,57,Au,METASEDIMENTS ,METAVOLCANICS,-,-,1,0,0,0,0,0,0,0,0,1,0,0,0,0,38146.0
565,RAMAGIRI-PENAKACHERLA-HUNGUD BELT,BHADRAMPALLE,ANDHRA PRADESH,57,Au,METABASITE,META,ES1TE,B.H.CHERT,0,0,0,0,0,0,0,0,1,0,0,1,0,0,0.06
566,CHITRADURGA BELT,MEDIKERIPURA,KARNATAKA,57 B,Fe-Hematite,BHQ,PHYLLITE,METAVOLCANICS,-,0,1,1,0,0,0,0,0,0,0,0,0,1,0,5.95
567,RAMAGIRI-PENAKACHERLA-HUNGUD BELT,PENUKONDA PROSPECT,ANDHRA PRADESH,57,Au,METABASALT,BIF,SERICITE SCHIST,-,0,0,0,1,0,0,0,0,1,0,0,0,0,0,38146.0
568,CHITRADURGA BELT,INGALDHALU,KARNATAKA,57 B,Cu-Pb-Zn-Sb-Py,FERRUGENOUS CHERT,SHEAREDMETAVOLCANICS,-,-,0,0,0,0,0,0,0,0,0,0,0,0,0,1,1.23
569,CHITRADURGA BELT,KUNCHIGANAHALU,KARNATAKA,57 B,Cu-Pb-Zn-Sb-Py,FERRUGENOUS CHERT,SHEAREDMETAVOLCANICS,-,-,1,0,0,0,1,0,0,0,0,0,0,0,0,0,0.22
571,CHITRADURGA BELT,G.R.HALLI,KARNATAKA,57 B,Au-Cu-Zn,SHEARED METABASALTS,CARB.ARGILLITE,-,-,0,0,0,0,0,0,0,0,1,0,0,1,0,0,0.65
572,RAMAGIRI BELT,YERAPPA-GENTALLAPPA BLOCK,ANDHRA PRADESH,57,Au,METAVOLCANICS,METASEDIMENTS,-,-,1,0,0,0,0,1,0,0,0,0,0,0,0,0,1.5
573,PULIVENDLA BELT,MIDIPENTA,ANDHRA PRADESH,57 J,Cu-Pb,,,-,-,1,0,0,0,1,0,0,0,0,0,0,0,0,0,38146.0
574,RAMAGIRI-PENAKACHERLA-HUNGUD BELT,KOTTAPALLE PROSPECT,ANDHRA PRADESH,57,Au,METABASITE,BIF,ACID TUFF,-,0,0,0,0,0,0,0,0,1,0,0,0,0,0,0.115
576,CHITRADURGA BELT,C.K.HALLI,KARNATAKA,57 B,Au,SHEARED ARGILLITE,-,-,-,0,0,0,1,0,0,0,0,0,0,0,0,0,0,0.63
577,PULIVENDLA BELT,VENKATAPURAM,ANDHRA PRADESH,57 J,Cu-Pb-Ba,SHEAR FRACTURE,-,-,-,0,0,0,0,0,1,0,0,0,0,0,0,0,0,38146.0
579,CHITRADURGA BELT,HULLIKATTE,KARNATAKA,57 B,Mn-Fe,BFQ,PHYLLITE,-,-,0,1,1,0,0,0,0,0,0,0,0,0,1,0,375300.0
581,SHIMOGA BELT,CHINMULGUND,KARNATAKA,48 N,Au,METASEDIMENTS,BIF,-,-,0,0,0,0,1,0,0,0,0,0,0,0,0,0,4.83
583,RAMAGIRI-PENAKACHERLA-HUNGUD BELT,RAMAPURAM,ANDHRA PRADESH,57,Au,METABASALT,CHLORITE,ACTINOLITE SCHIST,-,0,0,0,0,0,0,0,0,1,0,0,1,0,0,74867.0
585,SANDUR SCHIST BELT-NEB RANGE,KARADIKOLLA,KARNATAKA,57 A,Fe-Hematite,METASEDIMENT,METAVOLCANICS,-,-,0,1,1,0,0,0,0,0,0,0,0,0,1,0,10.72
